Benchmark,Agent,Model,Acc,Cost,run_combined,file_combined,Date,run_id,matched_json,similarity
taubench_airline,TAU-bench FewShot Agent,o4-mini-2025-04-16-low,0.48,18.8144266,taubench_airline TAU-bench FewShot Agent o4-mini-2025-04-16-low,taubench_airline TAU-bench FewShot (o4-mini-2025-04-16 low) ,2025-04-19,taubench_airline_taubench_fewshot_o4mini20250416_low_1745099803,evals_live/taubench_airline_taubench_fewshot_o4mini20250416_low_1745099803_UPLOAD.json,0.9385444568673279
taubench_airline,TAU-bench FewShot Agent,o4-mini-2025-04-16-high,0.6,18.921285,taubench_airline TAU-bench FewShot Agent o4-mini-2025-04-16-high,taubench_airline TAU-bench FewShot (o4-mini-2025-04-16 high) ,2025-04-20,taubench_airline_taubench_fewshot_o4mini20250416_high_1745112675,evals_live/taubench_airline_taubench_fewshot_o4mini20250416_high_1745112675_UPLOAD.json,0.9368155647162335
taubench_airline,TAU-bench FewShot Agent,gpt-4o-2024-11-20,0.4,46.47,taubench_airline TAU-bench FewShot Agent gpt-4o-2024-11-20,taubench_airline TAU-bench FewShot (gpt-4o-2024-11-20) ,2025-04-06,taubench_airline_1743961943,evals_live/taubench_airline_1743961943_UPLOAD.json,0.9317658505876186
taubench_airline,TAU-bench FewShot Agent,gpt-4.1-2025-04-14,0.56,42.576132,taubench_airline TAU-bench FewShot Agent gpt-4.1-2025-04-14,taubench_airline TAU-bench FewShot (gpt-4.1-2025-04-14) ,2025-04-20,taubench_airline_taubench_fewshot_gpt4120250414_1745112637,evals_live/taubench_airline_taubench_fewshot_gpt4120250414_1745112637_UPLOAD.json,0.927820007210017
taubench_airline,TAU-bench FewShot Agent,deepseek-ai/DeepSeek-V3,0.34,30.604145,taubench_airline TAU-bench FewShot Agent deepseek-ai/DeepSeek-V3,taubench_airline TAU-bench FewShot (deepseek-ai/DeepSeek-V3) ,2025-04-19,taubench_airline_taubench_fewshot_deepseekaideepseekv3_1745101128,evals_live/taubench_airline_taubench_fewshot_deepseekaideepseekv3_1745101128_UPLOAD.json,0.9426752694650957
taubench_airline,TAU-bench FewShot Agent,claude-3-7-sonnet-20250219,0.34,36.45,taubench_airline TAU-bench FewShot Agent claude-3-7-sonnet-20250219,taubench_airline TAU-bench FewShot (claude-3-7-sonnet-20250219) ,2025-04-07,taubench_airline_1744000536,evals_live/taubench_airline_1744000536_UPLOAD.json,0.9245818995422042
taubench_airline,TAU-bench FewShot Agent,deepseek-ai/DeepSeek-R1,0.36,31.749418,taubench_airline TAU-bench FewShot Agent deepseek-ai/DeepSeek-R1,taubench_airline TAU-bench FewShot (deepseek-ai/DeepSeek-R1) ,2025-04-19,taubench_airline_taubench_fewshot_deepseekaideepseekr1_1745101169,evals_live/taubench_airline_taubench_fewshot_deepseekaideepseekr1_1745101169_UPLOAD.json,0.941099813132956
taubench_airline,TAU-bench FewShot Agent,claude-3-7-sonnet-20250219-thinking-high,0.6,37.23,taubench_airline TAU-bench FewShot Agent claude-3-7-sonnet-20250219-thinking-high,taubench_airline TAU-bench FewShot (claude-3-7-sonnet-20250219) ,2025-04-07,taubench_airline_1744000536,evals_live/taubench_airline_1744000536_UPLOAD.json,0.8848322226001062
taubench_airline,TAU-bench FewShot Agent,o3-2025-04-16,0.44,237.93,taubench_airline TAU-bench FewShot Agent o3-2025-04-16,taubench_airline TAU-bench FewShot (o3-2025-04-03) ,2025-04-15,taubench_airline_taubench_fewshot_o320250403_1744728447,evals_live/taubench_airline_taubench_fewshot_o320250403_1744728447_UPLOAD.json,0.9334527714613082
taubench_airline,HAL Generalist Agent,gemini-2.0-flash,0.22,2.003067,taubench_airline HAL Generalist Agent gemini-2.0-flash,taubench_airline HAL Generalist Agent (gemini-2.0-flash) ,2025-04-30,taubench_airline_hal_generalist_agent_gemini20flash_1746038655,evals_live/taubench_airline_hal_generalist_agent_gemini20flash_1746038655_UPLOAD.json,0.9748157146357559
taubench_airline,HAL Generalist Agent,o4-mini-2025-04-16-low,0.22,20.156134,taubench_airline HAL Generalist Agent o4-mini-2025-04-16-low,taubench_airline HAL Generalist Agent (o4-mini-2025-04-16 low) ,2025-04-20,taubench_airline_hal_generalist_agent_o4mini20250416_low_1745166691,evals_live/taubench_airline_hal_generalist_agent_o4mini20250416_low_1745166691_UPLOAD.json,0.9717246738841543
taubench_airline,HAL Generalist Agent,o4-mini-2025-04-16-high,0.18,20.574886,taubench_airline HAL Generalist Agent o4-mini-2025-04-16-high,taubench_airline HAL Generalist Agent (o4-mini-2025-04-16 high) ,2025-04-20,taubench_airline_hal_generalist_agent_o4mini20250416_high_1745167079,evals_live/taubench_airline_hal_generalist_agent_o4mini20250416_high_1745167079_UPLOAD.json,0.9720474792343414
taubench_airline,HAL Generalist Agent,gpt-4.1-2025-04-14,0.16,17.84996,taubench_airline HAL Generalist Agent gpt-4.1-2025-04-14,taubench_airline HAL Generalist Agent (gpt-4.1-2025-04-14) ,2025-04-20,taubench_airline_hal_generalist_agent_gpt4120250414_1745167124,evals_live/taubench_airline_hal_generalist_agent_gpt4120250414_1745167124_UPLOAD.json,0.9816365769226996
taubench_airline,HAL Generalist Agent,deepseek-ai/DeepSeek-V3,0.18,10.7299175,taubench_airline HAL Generalist Agent deepseek-ai/DeepSeek-V3,taubench_airline HAL Generalist Agent (deepseek-ai/DeepSeek-V3) ,2025-04-21,taubench_airline_hal_generalist_agent_deepseekaideepseekv3_1745263676,evals_live/taubench_airline_hal_generalist_agent_deepseekaideepseekv3_1745263676_UPLOAD.json,0.9764355208999682
taubench_airline,HAL Generalist Agent,claude-3-7-sonnet-20250219,0.56,42.105321,taubench_airline HAL Generalist Agent claude-3-7-sonnet-20250219,taubench_airline HAL Generalist Agent (claude-3-7-sonnet-20250219) ,2025-04-30,taubench_airline_hal_generalist_agent_claude37sonnet20250219_1746038671,evals_live/taubench_airline_hal_generalist_agent_claude37sonnet20250219_1746038671_UPLOAD.json,0.964444414931245
taubench_airline,HAL Generalist Agent,deepseek-ai/DeepSeek-R1,0.1,30.18,taubench_airline HAL Generalist Agent deepseek-ai/DeepSeek-R1,taubench_airline HAL Generalist Agent (deepseek-ai/DeepSeek-R1) ,2025-04-14,taubench_airline_hal_generalist_agent_deepseekaideepseekr1_1744655092,evals_live/taubench_airline_hal_generalist_agent_deepseekaideepseekr1_1744655092_UPLOAD.json,0.975902549058121
taubench_airline,HAL Generalist Agent,claude-3-7-sonnet-20250219-thinking-high,0.44,34.581165,taubench_airline HAL Generalist Agent claude-3-7-sonnet-20250219-thinking-high,taubench_airline HAL Generalist Agent (claude-3-7-sonnet-20250219 high) ,2025-05-01,taubench_airline_hal_generalist_agent_claude37sonnet20250219_high_1746060636,evals_live/taubench_airline_hal_generalist_agent_claude37sonnet20250219_high_1746060636_UPLOAD.json,0.923633213568841
gaia,Open Deep Research,gpt-4.1-2025-04-14,0.503030303,109.87662,gaia Open Deep Research gpt-4.1-2025-04-14,gaia HF Open Deep Research (gpt-4.1-2025-04-14) ,2025-04-17,gaia_hf_open_deep_research_gpt4120250414_1744843595,evals_live/gaia_hf_open_deep_research_gpt4120250414_1744843595_UPLOAD.json,0.8781766162120752
gaia,Open Deep Research,gemini-2.0-flash,0.1939393939,18.8174954,gaia Open Deep Research gemini-2.0-flash,gaia HF Open Deep Research (gemini-2.0-flash) ,2025-04-17,gaia_hf_open_deep_research_gemini20flash_1744843220,evals_live/gaia_hf_open_deep_research_gemini20flash_1744843220_UPLOAD.json,0.9170871177240926
gaia,Open Deep Research,o3-mini-2025-01-31-low,,,gaia Open Deep Research o3-mini-2025-01-31-low,gaia HF Open Deep Research (o3-mini-2025-01-31 high) ,2025-04-16,gaia_hf_open_deep_research_o3mini20250131_high_1744843485,evals_live/gaia_hf_open_deep_research_o3mini20250131_high_1744843485_UPLOAD.json,0.898591870185725
gaia,Open Deep Research,o3-mini-2025-01-31-high,0.1818181818,57.2400532,gaia Open Deep Research o3-mini-2025-01-31-high,gaia HF Open Deep Research (o3-mini-2025-01-31 high) ,2025-04-16,gaia_hf_open_deep_research_o3mini20250131_high_1744843485,evals_live/gaia_hf_open_deep_research_o3mini20250131_high_1744843485_UPLOAD.json,0.9112649763282084
gaia,Open Deep Research,deepseek-ai/DeepSeek-V3,0.284848,76.639202,gaia Open Deep Research deepseek-ai/DeepSeek-V3,gaia HF Open Deep Research (deepseek-ai/DeepSeek-V3) ,2025-04-17,gaia_hf_open_deep_research_deepseekaideepseekv3_1744851680,evals_live/gaia_hf_open_deep_research_deepseekaideepseekv3_1744851680_UPLOAD.json,0.9157735110170091
gaia,Open Deep Research,deepseek-ai/DeepSeek-R1,0.248485,143.077684,gaia Open Deep Research deepseek-ai/DeepSeek-R1,gaia HF Open Deep Research (deepseek-ai/DeepSeek-R1) ,2025-04-17,gaia_hf_open_deep_research_deepseekaideepseekr1_1744851690,evals_live/gaia_hf_open_deep_research_deepseekaideepseekr1_1744851690_UPLOAD.json,0.9145405559290689
gaia,Open Deep Research,claude-3-7-sonnet-20250219,0.3696969697,415.151697,gaia Open Deep Research claude-3-7-sonnet-20250219,gaia HF Open Deep Research (claude-3-7-sonnet-20250219) ,2025-04-19,gaia_hf_open_deep_research_claude37sonnet20250219_1745000974,evals_live/gaia_hf_open_deep_research_claude37sonnet20250219_1745000974_UPLOAD.json,0.9175646202806536
gaia,Open Deep Research,claude-3-7-sonnet-20250219-thinking-high,0.357576,113.646582,gaia Open Deep Research claude-3-7-sonnet-20250219-thinking-high,gaia HF Open Deep Research (claude-3-7-sonnet-20250219) ,2025-04-19,gaia_hf_open_deep_research_claude37sonnet20250219_1745000974,evals_live/gaia_hf_open_deep_research_claude37sonnet20250219_1745000974_UPLOAD.json,0.8831833958338728
gaia,Open Deep Research,o4-mini-2025-04-16-low,0.478788,80.799796,gaia Open Deep Research o4-mini-2025-04-16-low,gaia HF Open Deep Research (o4-mini-2025-04-16 low) ,2025-04-17,gaia_hf_open_deep_research_o4mini20250416_low_1744921254,evals_live/gaia_hf_open_deep_research_o4mini20250416_low_1744921254_UPLOAD.json,0.9040442398358125
gaia,Open Deep Research,o3-2025-04-16,0.327273,681.96892,gaia Open Deep Research o3-2025-04-16,gaia HF Open Deep Research (o3-2025-04-16) ,2025-04-29,gaia_hf_open_deep_research_o320250416_1745876880,evals_live/gaia_hf_open_deep_research_o320250416_1745876880_UPLOAD.json,0.9100359874265761
gaia,Open Deep Research,o4-mini-2025-04-16-high,0.56,184.87,gaia Open Deep Research o4-mini-2025-04-16-high,gaia HF Open Deep Research (o4-mini-2025-04-16 high) ,2025-04-18,gaia_hf_open_deep_research_o4mini20250416_high_1744923206,evals_live/gaia_hf_open_deep_research_o4mini20250416_high_1744923206_UPLOAD.json,0.9079842085044363
gaia,HAL Generalist Agent,gemini-2.0-flash,0.327273,7.796711,gaia HAL Generalist Agent gemini-2.0-flash,gaia HAL Generalist Agent (gemini-2.0-flash) ,2025-04-16,gaia_hal_generalist_agent_gemini20flash_1744828175,evals_live/gaia_hal_generalist_agent_gemini20flash_1744828175_UPLOAD.json,0.9723514044236776
gaia,HAL Generalist Agent,gpt-4.1-2025-04-14,0.49697,74.18968,gaia HAL Generalist Agent gpt-4.1-2025-04-14,gaia HAL Generalist Agent (gpt-4.1-2025-04-14) ,2025-04-14,gaia_hal_generalist_agent_gpt4120250414_1744652581,evals_live/gaia_hal_generalist_agent_gpt4120250414_1744652581_UPLOAD.json,0.9748971144280085
gaia,HAL Generalist Agent,o3-mini-2025-01-31-low,0.339394,13.188021,gaia HAL Generalist Agent o3-mini-2025-01-31-low,gaia HAL Generalist Agent (o3-mini-2025-01-31 low) ,2025-04-14,gaia_hal_generalist_agent_o3mini20250131_1744609696,evals_live/gaia_hal_generalist_agent_o3mini20250131_1744609696_UPLOAD.json,0.9794287656149574
gaia,HAL Generalist Agent,deepseek-ai/DeepSeek-R1,0.30303,73.192047,gaia HAL Generalist Agent deepseek-ai/DeepSeek-R1,gaia HAL Generalist Agent (deepseek-ai/DeepSeek-R1) ,2025-04-15,gaia_hal_generalist_agent_deepseekaideepseekr1_1744683894,evals_live/gaia_hal_generalist_agent_deepseekaideepseekr1_1744683894_UPLOAD.json,0.9762142279970507
gaia,HAL Generalist Agent,deepseek-ai/DeepSeek-V3,0.363636,29.267833,gaia HAL Generalist Agent deepseek-ai/DeepSeek-V3,gaia HAL Generalist Agent (deepseek-ai/DeepSeek-R1) ,2025-04-15,gaia_hal_generalist_agent_deepseekaideepseekr1_1744683894,evals_live/gaia_hal_generalist_agent_deepseekaideepseekr1_1744683894_UPLOAD.json,0.9687814033538756
gaia,HAL Generalist Agent,o3-mini-2025-01-31-high,0.466667,30.367272,gaia HAL Generalist Agent o3-mini-2025-01-31-high,gaia HAL Generalist Agent (o3-mini-2025-01-31 high) ,2025-04-14,gaia_hal_generalist_agent_o3mini20250131_high_1744670471,evals_live/gaia_hal_generalist_agent_o3mini20250131_high_1744670471_UPLOAD.json,0.9776630784241274
gaia,HAL Generalist Agent,o4-mini-2025-04-16-low,0.581818,73.255774,gaia HAL Generalist Agent o4-mini-2025-04-16-low,gaia HAL Generalist Agent (o4-mini-2025-04-16 low) ,2025-04-23,gaia_hal_generalist_agent_o4mini20250416_low_1745167262,evals_live/gaia_hal_generalist_agent_o4mini20250416_low_1745167262_UPLOAD.json,0.9796113440846232
gaia,HAL Generalist Agent,o4-mini-2025-04-16-high,0.545455,59.39133,gaia HAL Generalist Agent o4-mini-2025-04-16-high,gaia HAL Generalist Agent (o4-mini-2025-04-16 high) ,2025-04-20,gaia_hal_generalist_agent_o4mini20250416_high_1745167285,evals_live/gaia_hal_generalist_agent_o4mini20250416_high_1745167285_UPLOAD.json,0.9793978623445112
gaia,HAL Generalist Agent,claude-3-7-sonnet-20250219,0.563636,130.678222,gaia HAL Generalist Agent claude-3-7-sonnet-20250219,gaia HAL Generalist Agent (claude-3-7-sonnet-20250219) ,2025-04-24,gaia_hal_generalist_agent_claude37sonnet20250219_1744772193,evals_live/gaia_hal_generalist_agent_claude37sonnet20250219_1744772193_UPLOAD.json,0.9698989168590588
gaia,HAL Generalist Agent,claude-3-7-sonnet-20250219-thinking-high,0.642424,122.490232,gaia HAL Generalist Agent claude-3-7-sonnet-20250219-thinking-high,gaia HAL Generalist Agent (claude-3-7-sonnet-20250219 high) ,2025-04-25,gaia_hal_generalist_agent_claude37sonnet20250219_high_1744730242,evals_live/gaia_hal_generalist_agent_claude37sonnet20250219_high_1744730242_UPLOAD.json,0.9459740429762513
usaco,Reflexion,gemini-2.0-flash,0.2214983713,0.7501578,usaco Reflexion gemini-2.0-flash,gaia HF Open Deep Research (gemini-2.0-flash) ,2025-04-17,gaia_hf_open_deep_research_gemini20flash_1744843220,evals_live/gaia_hf_open_deep_research_gemini20flash_1744843220_UPLOAD.json,0.5793449689675904
usaco,Reflexion,gpt-4.1-2025-04-14,0.449511,28.095832,usaco Reflexion gpt-4.1-2025-04-14,usaco USACO Episodic + Semantic (gpt-4.1-2025-04-14) ,2025-04-14,usaco_usaco_episodic__semantic_gpt4120250414_1744661741,evals_live/usaco_usaco_episodic__semantic_gpt4120250414_1744661741_UPLOAD_mapped.json,0.5109935171182174
usaco,Reflexion,o3-mini-2025-01-31-low,0.351792,22.490527,usaco Reflexion o3-mini-2025-01-31-low,usaco USACO Episodic + Semantic (o3-mini-2025-01-31 low) ,2025-04-14,usaco_usaco_episodic__semantic_o3mini20250131_low_1744664227,evals_live/usaco_usaco_episodic__semantic_o3mini20250131_low_1744664227_UPLOAD_mapped.json,0.5615219921715515
usaco,Reflexion,deepseek-ai/DeepSeek-R1,0.381107,80.04351,usaco Reflexion deepseek-ai/DeepSeek-R1,usaco USACO Episodic + Semantic (deepseek-ai/DeepSeek-R1) ,2025-04-14,usaco_usaco_episodic__semantic_deepseekaideepseekr1_1744597968,evals_live/usaco_usaco_episodic__semantic_deepseekaideepseekr1_1744597968_UPLOAD_mapped.json,0.6469866004981186
usaco,Reflexion,deepseek-ai/DeepSeek-V3,0.390879,12.078695,usaco Reflexion deepseek-ai/DeepSeek-V3,usaco USACO Episodic + Semantic (deepseek-ai/DeepSeek-R1) ,2025-04-14,usaco_usaco_episodic__semantic_deepseekaideepseekr1_1744597968,evals_live/usaco_usaco_episodic__semantic_deepseekaideepseekr1_1744597968_UPLOAD_mapped.json,0.6570878906046508
usaco,Reflexion,o4-mini-2025-04-16-low,0.309446,21.142031,usaco Reflexion o4-mini-2025-04-16-low,usaco USACO Episodic + Semantic (o4-mini-2025-04-16 low) ,2025-05-04,usaco_usaco_episodic__semantic_o4mini20250416_low_1746039070,evals_live/usaco_usaco_episodic__semantic_o4mini20250416_low_1746039070_UPLOAD.json,0.5692669002701713
usaco,Reflexion,o4-mini-2025-04-16-high,0.579805,44.038361,usaco Reflexion o4-mini-2025-04-16-high,usaco USACO Episodic + Semantic (o4-mini-2025-04-16 low) ,2025-05-04,usaco_usaco_episodic__semantic_o4mini20250416_low_1746039070,evals_live/usaco_usaco_episodic__semantic_o4mini20250416_low_1746039070_UPLOAD.json,0.5596737914073351
usaco,Reflexion,o3-mini-2025-01-31-high,0.498371,61.86,usaco Reflexion o3-mini-2025-01-31-high,usaco USACO Episodic + Semantic (o3-mini-2025-01-31 high) ,2025-04-15,usaco_usaco_episodic__semantic_o3mini20250131_high_1744751906,evals_live/usaco_usaco_episodic__semantic_o3mini20250131_high_1744751906_UPLOAD_mapped.json,0.5544816612254032
usaco,Reflexion,claude-3-7-sonnet-20250219,0.29316,38.704869,usaco Reflexion claude-3-7-sonnet-20250219,usaco USACO Episodic + Semantic (claude-3-7-sonnet-20250219) ,2025-04-17,usaco_usaco_episodic__semantic_claude37sonnet20250219_1744648510,evals_live/usaco_usaco_episodic__semantic_claude37sonnet20250219_1744648510_UPLOAD.json,0.6500390998962713
usaco,Reflexion,o3-2025-04-16,0.462541,286.50446,usaco Reflexion o3-2025-04-16,usaco USACO Episodic + Semantic (o3-2025-04-16) ,2025-04-29,usaco_usaco_episodic__semantic_o320250416_1745878600,evals_live/usaco_usaco_episodic__semantic_o320250416_1745878600_UPLOAD.json,0.5544254089045957
usaco,Reflexion,claude-3-7-sonnet-20250219-thinking-high,0.2671009772,56.427396,usaco Reflexion claude-3-7-sonnet-20250219-thinking-high,usaco USACO Episodic + Semantic (claude-3-7-sonnet-20250219 high) ,2025-04-17,usaco_usaco_episodic__semantic_claude37sonnet20250219_high_1744655395,evals_live/usaco_usaco_episodic__semantic_claude37sonnet20250219_high_1744655395_UPLOAD.json,0.6276110578915464
swebench-verified-mini,SWE-Agent,gpt-4o-2024-11-20,0.28,350.72,swebench-verified-mini SWE-Agent gpt-4o-2024-11-20,swebench_verified_mini SWE-Agent (gpt-4.1) gpt-4.1-2025-04-14,2025-04-15,swebench_verified_mini_my_agentgpt41_1744677207,evals_live/swebench_verified_mini_my_agentgpt41_1744677207_UPLOAD_mapped.json,0.9230321447617663
swebench-verified-mini,SWE-Agent,o3-mini-2025-01-31-medium,0.4,113.32,swebench-verified-mini SWE-Agent o3-mini-2025-01-31-medium,swebench_verified_mini SWE-Agent (o4-mini-2025-04-16) o4-mini-2025-04-16-medium,2025-04-23,swebench_verified_mini_my_agento4mini20250416_1745345781,evals_live/swebench_verified_mini_my_agento4mini20250416_1745345781_UPLOAD_mapped_mapped.json,0.9311953118135757
swebench-verified-mini,SWE-Agent,o3-mini-2025-01-31-high,0.46,182.3,swebench-verified-mini SWE-Agent o3-mini-2025-01-31-high,swebench_verified_mini SWE-Agent (o4-mini-2025-04-16) o4-mini-2025-04-16-medium,2025-04-23,swebench_verified_mini_my_agento4mini20250416_1745345781,evals_live/swebench_verified_mini_my_agento4mini20250416_1745345781_UPLOAD_mapped_mapped.json,0.9083332292678294
swebench-verified-mini,SWE-Agent,o3-mini-2025-01-31-low,0.3,64.19,swebench-verified-mini SWE-Agent o3-mini-2025-01-31-low,swebench_verified_mini SWE-Agent (o4-mini-2025-04-16) o4-mini-2025-04-16-medium,2025-04-23,swebench_verified_mini_my_agento4mini20250416_1745345781,evals_live/swebench_verified_mini_my_agento4mini20250416_1745345781_UPLOAD_mapped_mapped.json,0.9028734401416808
swebench-verified-mini,SWE-Agent,o3-2025-04-16,0.44,421.78,swebench-verified-mini SWE-Agent o3-2025-04-16,swebench_verified_mini SWE-Agent (o3-2025-04-16) o3-2025-04-03,2025-04-24,swebench_verified_mini_my_agento320250416_1745453708,evals_live/swebench_verified_mini_my_agento320250416_1745453708_UPLOAD_mapped_mapped.json,0.9314466503975622
swebench-verified-mini,SWE-Agent,o4-mini-2025-04-16-low,0.54,259.2,swebench-verified-mini SWE-Agent o4-mini-2025-04-16-low,swebench_verified_mini SWE-Agent (o4-mini-2025-04-16) o4-mini-2025-04-16-medium,2025-04-23,swebench_verified_mini_my_agento4mini20250416_1745345781,evals_live/swebench_verified_mini_my_agento4mini20250416_1745345781_UPLOAD_mapped_mapped.json,0.9219672611696508
swebench-verified-mini,SWE-Agent,o4-mini-2025-04-16-high,0.5,248.46,swebench-verified-mini SWE-Agent o4-mini-2025-04-16-high,swebench_verified_mini SWE-Agent (o4-mini-2025-04-16) o4-mini-2025-04-16-medium,2025-04-23,swebench_verified_mini_my_agento4mini20250416_1745345781,evals_live/swebench_verified_mini_my_agento4mini20250416_1745345781_UPLOAD_mapped_mapped.json,0.9256506171740915
swebench-verified-mini,SWE-Agent,claude-3-7-sonnet-20250219,0.5,402.0,swebench-verified-mini SWE-Agent claude-3-7-sonnet-20250219,swebench_verified_mini SWE-Agent (claude-3-7-sonnet-2025-02-19) claude-3-7-sonnet-20250219,2025-04-11,swebench_verified_mini_1744397462,evals_live/swebench_verified_mini_1744397462_UPLOAD_mapped_mapped.json,0.9142994199230405
swebench-verified-mini,SWE-Agent,claude-3-7-sonnet-20250219-thinking-high,0.54,388.0,swebench-verified-mini SWE-Agent claude-3-7-sonnet-20250219-thinking-high,swebench_verified_mini SWE-Agent (claude-3-7-sonnet-2025-02-19) claude-3-7-sonnet-20250219,2025-04-11,swebench_verified_mini_1744397462,evals_live/swebench_verified_mini_1744397462_UPLOAD_mapped_mapped.json,0.8448578133541655
swebench-verified-mini,SWE-Agent,claude-3-7-sonnet-20250219-thinking-low,0.5,489.0,swebench-verified-mini SWE-Agent claude-3-7-sonnet-20250219-thinking-low,swebench_verified_mini SWE-Agent (claude-3-7-sonnet-2025-02-19) claude-3-7-sonnet-20250219,2025-04-11,swebench_verified_mini_1744397462,evals_live/swebench_verified_mini_1744397462_UPLOAD_mapped_mapped.json,0.8474373742708854
swebench-verified-mini,SWE-Agent,gemini-2.0-flash,0.24,4.7,swebench-verified-mini SWE-Agent gemini-2.0-flash,swebench_verified_mini SWE-Agent (gemini-2.0-flash) gemini-2.0-flash,2025-04-13,swebench_verified_mini_1744505272,evals_live/swebench_verified_mini_1744505272_UPLOAD_mapped.json,0.9400868204348762
swebench-verified-mini,SWE-Agent,gpt-4.1-2025-04-14,0.44,393.0,swebench-verified-mini SWE-Agent gpt-4.1-2025-04-14,swebench_verified_mini SWE-Agent (gpt-4.1) gpt-4.1-2025-04-14,2025-04-15,swebench_verified_mini_my_agentgpt41_1744677207,evals_live/swebench_verified_mini_my_agentgpt41_1744677207_UPLOAD_mapped.json,0.9348729988771551
swebench-verified-mini,SWE-Agent,deepseek-ai/DeepSeek-V3,0.24,11.77,swebench-verified-mini SWE-Agent deepseek-ai/DeepSeek-V3,swebench_verified_mini SWE-Agent (deepseek-ai/DeepSeek-V3) deepseek-ai/DeepSeek-V3,2025-04-17,swebench_verified_mini_my_agenttogether_aideepseekaideepseekv3_1744923150,evals_live/swebench_verified_mini_my_agenttogether_aideepseekaideepseekv3_1744923150_UPLOAD_mapped.json,0.9392469522753237
swebench-verified-mini,SWE-Agent,deepseek-ai/DeepSeek-R1,0.0,4.164276,swebench-verified-mini SWE-Agent deepseek-ai/DeepSeek-R1,swebench_verified_mini SWE-Agent (deepseek-ai/DeepSeek-R1) deepseek-ai/DeepSeek-R1,2025-04-21,swebench_verified_mini_my_agenttogether_aideepseekaideepseekr1_1745262492,evals_live/swebench_verified_mini_my_agenttogether_aideepseekaideepseekr1_1745262492_UPLOAD_mapped.json,0.9427196338889097
swebench-verified-mini,HAL Generalist Agent,o3-mini-2025-01-31-high,0.0,,swebench-verified-mini HAL Generalist Agent o3-mini-2025-01-31-high,swebench_verified_mini HAL Generalist Agent (o3-mini-2025-01-31 high) ,2025-04-14,swebench_verified_mini_hal_generalist_agent_o3mini20250131_high_1744606601,evals_live/swebench_verified_mini_hal_generalist_agent_o3mini20250131_high_1744606601_UPLOAD_mapped.json,0.9455245935478453
swebench-verified-mini,HAL Generalist Agent,o3-mini-2025-01-31-low,0.0,,swebench-verified-mini HAL Generalist Agent o3-mini-2025-01-31-low,swebench_verified_mini HAL Generalist Agent (o3-mini-2025-01-31 low) ,2025-04-14,swebench_verified_mini_hal_generalist_agent_o3mini20250131_low_1744603516,evals_live/swebench_verified_mini_hal_generalist_agent_o3mini20250131_low_1744603516_UPLOAD_mapped.json,0.9447371264968836
swebench-verified-mini,HAL Generalist Agent,claude-3-7-sonnet-20250219,,,swebench-verified-mini HAL Generalist Agent claude-3-7-sonnet-20250219,swebench_verified_mini HAL Generalist Agent (claude-3-7-sonnet-20250219) ,2025-04-14,swebench_verified_mini_hal_generalist_agent_claude37sonnet20250219_1744644286,evals_live/swebench_verified_mini_hal_generalist_agent_claude37sonnet20250219_1744644286_UPLOAD.json,0.9277931899375252
swebench-verified-mini,HAL Generalist Agent,claude-3-7-sonnet-20250219-thinking-high,,,swebench-verified-mini HAL Generalist Agent claude-3-7-sonnet-20250219-thinking-high,swebench_verified_mini HAL Generalist Agent (claude-3-7-sonnet-20250219) ,2025-04-14,swebench_verified_mini_hal_generalist_agent_claude37sonnet20250219_1744644286,evals_live/swebench_verified_mini_hal_generalist_agent_claude37sonnet20250219_1744644286_UPLOAD.json,0.8732548679814642
swebench-verified-mini,HAL Generalist Agent,gemini-2.0-flash,,,swebench-verified-mini HAL Generalist Agent gemini-2.0-flash,swebench_verified_mini HAL Generalist Agent (gemini-2.0-flash) ,2025-04-14,swebench_verified_mini_hal_generalist_agent_gemini20flash_1744635676,evals_live/swebench_verified_mini_hal_generalist_agent_gemini20flash_1744635676_UPLOAD_mapped.json,0.9345122493595801
swebench-verified-mini,HAL Generalist Agent,gpt-4.1-2025-04-14,,,swebench-verified-mini HAL Generalist Agent gpt-4.1-2025-04-14,swebench_verified_mini HAL Generalist Agent (gpt-4.1-2025-04-14) ,2025-04-14,swebench_verified_mini_hal_generalist_agent_gpt4120250414_1744667697,evals_live/swebench_verified_mini_hal_generalist_agent_gpt4120250414_1744667697_UPLOAD.json,0.94378868069311
swebench-verified-mini,HAL Generalist Agent,deepseek-ai/DeepSeek-V3,,,swebench-verified-mini HAL Generalist Agent deepseek-ai/DeepSeek-V3,swebench_verified_mini HAL Generalist Agent (deepseek-ai/DeepSeek-V3) ,2025-04-14,swebench_verified_mini_hal_generalist_agent_deepseekaideepseekv3_1744610459,evals_live/swebench_verified_mini_hal_generalist_agent_deepseekaideepseekv3_1744610459_UPLOAD_mapped.json,0.9391893877835528
swebench-verified-mini,HAL Generalist Agent,deepseek-ai/DeepSeek-R1,,,swebench-verified-mini HAL Generalist Agent deepseek-ai/DeepSeek-R1,swebench_verified_mini HAL Generalist Agent (deepseek-ai/DeepSeek-R1) ,2025-04-14,swebench_verified_mini_hal_generalist_agent_deepseekaideepseekr1_1744619918,evals_live/swebench_verified_mini_hal_generalist_agent_deepseekaideepseekr1_1744619918_UPLOAD_mapped.json,0.9403909438969407
colbench-backend,Colbench Agent,gpt-4.1-2025-04-14,35.6,14.0,colbench-backend Colbench Agent gpt-4.1-2025-04-14,colbench_backend_programming Col-bench Text (gpt-4.1-2025-04-14) ,2025-04-20,colbench_backend_programming_colbench_text_gpt41_1745174487,evals_live/colbench_backend_programming_colbench_text_gpt41_1745174487_UPLOAD_mapped.json,0.8262384057420515
colbench-backend,Colbench Agent,o4-mini-2025-04-16-low,30.9,9.0,colbench-backend Colbench Agent o4-mini-2025-04-16-low,colbench_backend_programming Col-bench Text (o4-mini-2025-04-16 low) ,2025-04-18,colbench_backend_programming_colbench_text_o4mini_1744935258,evals_live/colbench_backend_programming_colbench_text_o4mini_1744935258_UPLOAD_mapped.json,0.8068793730657974
colbench-backend,Colbench Agent,o4-mini-2025-04-16-high,32.8,27.0,colbench-backend Colbench Agent o4-mini-2025-04-16-high,colbench_backend_programming Col-bench Text (o4-mini-2025-04-16 low) ,2025-04-18,colbench_backend_programming_colbench_text_o4mini_1744935258,evals_live/colbench_backend_programming_colbench_text_o4mini_1744935258_UPLOAD_mapped.json,0.7964722881844954
colbench-backend,Colbench Agent,claude-3-7-sonnet-20250219-thinking-low,36.7,21.0,colbench-backend Colbench Agent claude-3-7-sonnet-20250219-thinking-low,colbench_backend_programming Col-bench Text (claude-3-7-sonnet-2025-02-19 low) ,2025-04-17,colbench_backend_programming_colbench_text_sonnet37_1744920819,evals_live/colbench_backend_programming_colbench_text_sonnet37_1744920819_UPLOAD_mapped.json,0.8519681310413109
colbench-backend,Colbench Agent,claude-3-7-sonnet-20250219-thinking-high,37.4,34.0,colbench-backend Colbench Agent claude-3-7-sonnet-20250219-thinking-high,colbench_backend_programming Col-bench Text (claude-3-7-sonnet-2025-02-19 low) ,2025-04-17,colbench_backend_programming_colbench_text_sonnet37_1744920819,evals_live/colbench_backend_programming_colbench_text_sonnet37_1744920819_UPLOAD_mapped.json,0.8344407697798994
colbench-backend,Colbench Agent,gemini-2.0-flash,32.9,6.0,colbench-backend Colbench Agent gemini-2.0-flash,colbench_backend_programming Col-bench Text (gemini-2.0-flash) ,2025-04-17,colbench_backend_programming_colbench_text_gemmini2flash_1744930162,evals_live/colbench_backend_programming_colbench_text_gemmini2flash_1744930162_UPLOAD_mapped.json,0.8330950397591435
colbench-backend,Colbench Agent,deepseek-ai/DeepSeek-V3,23.3,2.0,colbench-backend Colbench Agent deepseek-ai/DeepSeek-V3,colbench_backend_programming Col-bench Text (deepseek-ai/DeepSeek-V3) ,2025-04-23,colbench_backend_programming_colbench_text_deepseekv3_1745366556,evals_live/colbench_backend_programming_colbench_text_deepseekv3_1745366556_UPLOAD_mapped.json,0.8713184270514867
colbench-backend,Colbench Agent,deepseek-ai/DeepSeek-R1,18.9,4.0,colbench-backend Colbench Agent deepseek-ai/DeepSeek-R1,colbench_backend_programming Col-bench Text (deepseek-ai/DeepSeek-R1) ,2025-04-18,colbench_backend_programming_colbench_text_deepseekr1_1744956747,evals_live/colbench_backend_programming_colbench_text_deepseekr1_1744956747_UPLOAD_mapped.json,0.8704221833644177
colbench-backend,Colbench Agent,o3-2025-04-16,32.2,75.4,colbench-backend Colbench Agent o3-2025-04-16,colbench_backend_programming Col-bench Text (o4-mini-2025-04-16 low) ,2025-04-18,colbench_backend_programming_colbench_text_o4mini_1744935258,evals_live/colbench_backend_programming_colbench_text_o4mini_1744935258_UPLOAD_mapped.json,0.7532355950908141
colbench-frontend,Colbench Agent,gpt-4.1-2025-04-14,82.0,10.6,colbench-frontend Colbench Agent gpt-4.1-2025-04-14,colbench_backend_programming Col-bench Text (gpt-4.1-2025-04-14) ,2025-04-20,colbench_backend_programming_colbench_text_gpt41_1745174487,evals_live/colbench_backend_programming_colbench_text_gpt41_1745174487_UPLOAD_mapped.json,0.8062004222680381
colbench-frontend,Colbench Agent,o4-mini-2025-04-16-low,81.0,6.2,colbench-frontend Colbench Agent o4-mini-2025-04-16-low,colbench_backend_programming Col-bench Text (o4-mini-2025-04-16 low) ,2025-04-18,colbench_backend_programming_colbench_text_o4mini_1744935258,evals_live/colbench_backend_programming_colbench_text_o4mini_1744935258_UPLOAD_mapped.json,0.7962878167796572
colbench-frontend,Colbench Agent,o4-mini-2025-04-16-high,83.3,14.6,colbench-frontend Colbench Agent o4-mini-2025-04-16-high,colbench_backend_programming Col-bench Text (o4-mini-2025-04-16 low) ,2025-04-18,colbench_backend_programming_colbench_text_o4mini_1744935258,evals_live/colbench_backend_programming_colbench_text_o4mini_1744935258_UPLOAD_mapped.json,0.7860581094514316
colbench-frontend,Colbench Agent,claude-3-7-sonnet-20250219-thinking-low,83.7,71.3,colbench-frontend Colbench Agent claude-3-7-sonnet-20250219-thinking-low,colbench_backend_programming Col-bench Text (claude-3-7-sonnet-2025-02-19 low) ,2025-04-17,colbench_backend_programming_colbench_text_sonnet37_1744920819,evals_live/colbench_backend_programming_colbench_text_sonnet37_1744920819_UPLOAD_mapped.json,0.8289688032676471
colbench-frontend,Colbench Agent,claude-3-7-sonnet-20250219,,,colbench-frontend Colbench Agent claude-3-7-sonnet-20250219,colbench_backend_programming Col-bench Text (claude-3-7-sonnet-2025-02-19 low) ,2025-04-17,colbench_backend_programming_colbench_text_sonnet37_1744920819,evals_live/colbench_backend_programming_colbench_text_sonnet37_1744920819_UPLOAD_mapped.json,0.8141189649925189
colbench-frontend,Colbench Agent,claude-3-7-sonnet-20250219-thinking-high,81.5,52.7,colbench-frontend Colbench Agent claude-3-7-sonnet-20250219-thinking-high,colbench_backend_programming Col-bench Text (claude-3-7-sonnet-2025-02-19 low) ,2025-04-17,colbench_backend_programming_colbench_text_sonnet37_1744920819,evals_live/colbench_backend_programming_colbench_text_sonnet37_1744920819_UPLOAD_mapped.json,0.8107096461272567
colbench-frontend,Colbench Agent,gemini-2.0-flash,81.6,2.7,colbench-frontend Colbench Agent gemini-2.0-flash,colbench_frontend_design Col-bench Text (gemini-2.0-flash) ,2025-04-19,colbench_frontend_design_colbench_text_gemini_1745102439,evals_live/colbench_frontend_design_colbench_text_gemini_1745102439_UPLOAD_mapped.json,0.8209444224092646
colbench-frontend,Colbench Agent,deepseek-ai/DeepSeek-V3,74.9,0.9,colbench-frontend Colbench Agent deepseek-ai/DeepSeek-V3,colbench_backend_programming Col-bench Text (deepseek-ai/DeepSeek-V3) ,2025-04-23,colbench_backend_programming_colbench_text_deepseekv3_1745366556,evals_live/colbench_backend_programming_colbench_text_deepseekv3_1745366556_UPLOAD_mapped.json,0.8491308933805816
colbench-frontend,Colbench Agent,deepseek-ai/DeepSeek-R1,74.9,0.85,colbench-frontend Colbench Agent deepseek-ai/DeepSeek-R1,colbench_backend_programming Col-bench Text (deepseek-ai/DeepSeek-R1) ,2025-04-18,colbench_backend_programming_colbench_text_deepseekr1_1744956747,evals_live/colbench_backend_programming_colbench_text_deepseekr1_1744956747_UPLOAD_mapped.json,0.8459471731451846
colbench-frontend,Colbench Agent,gemini-2.5-pro-preview-03-25,81.6,212.3,colbench-frontend Colbench Agent gemini-2.5-pro-preview-03-25,colbench_backend_programming Col-bench Text (gemini-2.0-flash) ,2025-04-17,colbench_backend_programming_colbench_text_gemmini2flash_1744930162,evals_live/colbench_backend_programming_colbench_text_gemmini2flash_1744930162_UPLOAD_mapped.json,0.7790469917348015
colbench-frontend,Colbench Agent,o3-2025-04-16,80.8,76.9,colbench-frontend Colbench Agent o3-2025-04-16,colbench_backend_programming Col-bench Text (o4-mini-2025-04-16 low) ,2025-04-18,colbench_backend_programming_colbench_text_o4mini_1744935258,evals_live/colbench_backend_programming_colbench_text_o4mini_1744935258_UPLOAD_mapped.json,0.7560959375037752
ScienceAgentBench,SAB Example Agent,gemini-2.0-flash,0.127451,0.193266,ScienceAgentBench SAB Example Agent gemini-2.0-flash,scienceagentbench SAB Example Agent (gemini-2.0-flash) ,2025-04-17,scienceagentbench_sab_selfdebug_gemini20flash_1744901453,evals_live/scienceagentbench_sab_selfdebug_gemini20flash_1744901453_UPLOAD_mapped.json,0.9455024678124309
ScienceAgentBench,SAB Example Agent,gemini-2.5-pro-preview-03-25,0.186275,11.198726,ScienceAgentBench SAB Example Agent gemini-2.5-pro-preview-03-25,scienceagentbench SAB Example Agent (gemini-2.5-pro-preview) ,2025-04-18,scienceagentbench_sab_selfdebug_gemini25pro_1744919608,evals_live/scienceagentbench_sab_selfdebug_gemini25pro_1744919608_UPLOAD_mapped.json,0.9464140566802703
ScienceAgentBench,SAB Example Agent,claude-3-7-sonnet-20250219,0.22549,7.118316,ScienceAgentBench SAB Example Agent claude-3-7-sonnet-20250219,scienceagentbench SAB Example Agent (claude-3-7-sonnet-2025-02-19) ,2025-04-16,scienceagentbench_sab_selfdebug_claude37_1744812715,evals_live/scienceagentbench_sab_selfdebug_claude37_1744812715_UPLOAD_mapped.json,0.9274790161908476
ScienceAgentBench,SAB Example Agent,claude-3-7-sonnet-20250219-thinking-low,0.254902,6.564069,ScienceAgentBench SAB Example Agent claude-3-7-sonnet-20250219-thinking-low,scienceagentbench SAB Example Agent (claude-3-7-sonnet-2025-02-19 low) ,2025-04-16,scienceagentbench_sab_selfdebug_claude37_low_1744830220,evals_live/scienceagentbench_sab_selfdebug_claude37_low_1744830220_UPLOAD_mapped.json,0.9093113561176982
ScienceAgentBench,SAB Example Agent,claude-3-7-sonnet-20250219-thinking-high,0.303922,11.742204,ScienceAgentBench SAB Example Agent claude-3-7-sonnet-20250219-thinking-high,scienceagentbench SAB Example Agent (claude-3-7-sonnet-2025-02-19 high) ,2025-04-17,scienceagentbench_sab_selfdebug_claude37_high_1744847608,evals_live/scienceagentbench_sab_selfdebug_claude37_high_1744847608_UPLOAD_mapped.json,0.9040791651024407
ScienceAgentBench,SAB Example Agent,deepseek-ai/DeepSeek-V3,0.156863,2.090448,ScienceAgentBench SAB Example Agent deepseek-ai/DeepSeek-V3,scienceagentbench SAB Example Agent (deepseek-ai/DeepSeek-V3) ,2025-04-16,scienceagentbench_sab_selfdebug_dsv3_1744757465,evals_live/scienceagentbench_sab_selfdebug_dsv3_1744757465_UPLOAD_mapped.json,0.9521278105852296
ScienceAgentBench,SAB Example Agent,deepseek-ai/DeepSeek-R1,0.235294,18.242402,ScienceAgentBench SAB Example Agent deepseek-ai/DeepSeek-R1,scienceagentbench SAB Example Agent (deepseek-ai/DeepSeek-R1) ,2025-04-16,scienceagentbench_sab_selfdebug_dsr1_1744769491,evals_live/scienceagentbench_sab_selfdebug_dsr1_1744769491_UPLOAD_mapped.json,0.9542019955881949
ScienceAgentBench,SAB Example Agent,gpt-4.1-2025-04-14,0.245098,7.41574,ScienceAgentBench SAB Example Agent gpt-4.1-2025-04-14,scienceagentbench SAB Example Agent (gpt-4.1-2025-04-14) ,2025-04-18,scienceagentbench_sab_selfdebug_gpt_41_1744993235,evals_live/scienceagentbench_sab_selfdebug_gpt_41_1744993235_UPLOAD_mapped.json,0.929053503959332
ScienceAgentBench,SAB Example Agent,o4-mini-2025-04-16-low,0.27451,3.954438,ScienceAgentBench SAB Example Agent o4-mini-2025-04-16-low,scienceagentbench SAB Example Agent (o4-mini-2025-04-16 low) ,2025-04-21,scienceagentbench_sab_selfdebug_o4mini_low_1745199029,evals_live/scienceagentbench_sab_selfdebug_o4mini_low_1745199029_UPLOAD_mapped.json,0.9368301052420198
ScienceAgentBench,SAB Example Agent,o4-mini-2025-04-16-high,0.27451,11.178193,ScienceAgentBench SAB Example Agent o4-mini-2025-04-16-high,scienceagentbench SAB Example Agent (o4-mini-2025-04-16 high) ,2025-04-21,scienceagentbench_sab_selfdebug_o4mini_high_1745253602,evals_live/scienceagentbench_sab_selfdebug_o4mini_high_1745253602_UPLOAD_mapped.json,0.9362339913779687
ScienceAgentBench,SAB Example Agent,o3-2025-04-16,0.333333,58.44018,ScienceAgentBench SAB Example Agent o3-2025-04-16,scienceagentbench SAB Example Agent (o3-2025-04-16) ,2025-04-21,scienceagentbench_sab_selfdebug_o3_medium_1745186112,evals_live/scienceagentbench_sab_selfdebug_o3_medium_1745186112_UPLOAD_mapped.json,0.927650327098658
ScienceAgentBench,HAL Generalist Agent,o4-mini-2025-04-16-high,0.215686,76.304679,ScienceAgentBench HAL Generalist Agent o4-mini-2025-04-16-high,scienceagentbench HAL Generalist Agent (o4-mini-2025-04-16 high) ,2025-05-01,scienceagentbench_hal_generalist_agent_o4mini20250416_high_1746044352,evals_live/scienceagentbench_hal_generalist_agent_o4mini20250416_high_1746044352_UPLOAD.json,0.937609047098077
ScienceAgentBench,HAL Generalist Agent,o4-mini-2025-04-16-low,0.196078,77.319009,ScienceAgentBench HAL Generalist Agent o4-mini-2025-04-16-low,scienceagentbench HAL Generalist Agent (o4-mini-2025-04-16 low) ,2025-05-01,scienceagentbench_hal_generalist_agent_o4mini20250416_low_1746044336,evals_live/scienceagentbench_hal_generalist_agent_o4mini20250416_low_1746044336_UPLOAD.json,0.937157686260385
ScienceAgentBench,HAL Generalist Agent,gpt-4.1-2025-04-14,0.068627,68.953348,ScienceAgentBench HAL Generalist Agent gpt-4.1-2025-04-14,scienceagentbench HAL Generalist Agent (gpt-4.1-2025-04-14) ,2025-04-30,scienceagentbench_hal_generalist_agent_gpt4120250414_1745541259,evals_live/scienceagentbench_hal_generalist_agent_gpt4120250414_1745541259_UPLOAD.json,0.9341789664549556
ScienceAgentBench,HAL Generalist Agent,deepseek-ai/DeepSeek-V3,0.009804,55.732075,ScienceAgentBench HAL Generalist Agent deepseek-ai/DeepSeek-V3,scienceagentbench HAL Generalist Agent (deepseek-ai/DeepSeek-V3) ,2025-05-01,scienceagentbench_hal_generalist_agent_deepseekaideepseekv3_1746052235,evals_live/scienceagentbench_hal_generalist_agent_deepseekaideepseekv3_1746052235_UPLOAD.json,0.9504868444823769
ScienceAgentBench,HAL Generalist Agent,o3-2025-04-16,0.098039,155.4183,ScienceAgentBench HAL Generalist Agent o3-2025-04-16,scienceagentbench HAL Generalist Agent (o3-2025-04-16) ,2025-05-04,scienceagentbench_hal_generalist_agent_o320250416_1746110877,evals_live/scienceagentbench_hal_generalist_agent_o320250416_1746110877_UPLOAD.json,0.9328613334123975
ScienceAgentBench,HAL Generalist Agent,claude-3-7-sonnet-20250219-thinking-high,0.176471,48.279636,ScienceAgentBench HAL Generalist Agent claude-3-7-sonnet-20250219-thinking-high,scienceagentbench HAL Generalist Agent (claude-3-7-sonnet-20250219 high) ,2025-05-08,scienceagentbench_hal_generalist_agent_claude37sonnet20250219_high_1746405109,evals_live/scienceagentbench_hal_generalist_agent_claude37sonnet20250219_high_1746405109_UPLOAD.json,0.8884041498653263
ScienceAgentBench,HAL Generalist Agent,claude-3-7-sonnet-20250219,0.107843,41.219199,ScienceAgentBench HAL Generalist Agent claude-3-7-sonnet-20250219,scienceagentbench HAL Generalist Agent (claude-3-7-sonnet-20250219) ,2025-05-04,scienceagentbench_hal_generalist_agent_claude37sonnet20250219_1746110849,evals_live/scienceagentbench_hal_generalist_agent_claude37sonnet20250219_1746110849_UPLOAD.json,0.929089027255116
corebench_hard,CORE-Agent,gpt-4.1-2025-04-14,0.3333333333,107.360036,corebench_hard CORE-Agent gpt-4.1-2025-04-14,corebench_hard CORE-Agent ,2025-04-19,corebench_hard_coreagent_1744856042,evals_live/corebench_hard_coreagent_1744856042_UPLOAD.json,0.8681256472477371
corebench_hard,CORE-Agent,deepseek-ai/DeepSeek-V3,0.1777777778,25.25934,corebench_hard CORE-Agent deepseek-ai/DeepSeek-V3,assistantbench Assistantbench Browser Agent (deepseek-ai/DeepSeek-V3) ,2025-05-02,assistantbench_assistantbench_browser_agent_deepseekaideepseekv3_1746233269,evals_live/assistantbench_assistantbench_browser_agent_deepseekaideepseekv3_1746233269_UPLOAD.json,0.7985028243905385
corebench_hard,CORE-Agent,claude-3-7-sonnet-20250219,0.3555555556,73.0401705,corebench_hard CORE-Agent claude-3-7-sonnet-20250219,corebench_hard CORE-Agent ,2025-04-19,corebench_hard_coreagent_1744856042,evals_live/corebench_hard_coreagent_1744856042_UPLOAD.json,0.8309955666870346
corebench_hard,CORE-Agent,gemini-2.0-flash,0.1111111111,12.4607438,corebench_hard CORE-Agent gemini-2.0-flash,corebench_hard CORE-Agent ,2025-04-19,corebench_hard_coreagent_1744856042,evals_live/corebench_hard_coreagent_1744856042_UPLOAD.json,0.8112000280467075
corebench_hard,CORE-Agent,gemini-2.5-pro-preview-03-25,0.2222222222,182.3376875,corebench_hard CORE-Agent gemini-2.5-pro-preview-03-25,corebench_hard CORE-Agent ,2025-04-19,corebench_hard_coreagent_1744856042,evals_live/corebench_hard_coreagent_1744856042_UPLOAD.json,0.813041050843007
corebench_hard,CORE-Agent,o4-mini-2025-04-16-low,0.1777777778,31.7882798,corebench_hard CORE-Agent o4-mini-2025-04-16-low,corebench_hard CORE-Agent ,2025-04-19,corebench_hard_coreagent_1744856042,evals_live/corebench_hard_coreagent_1744856042_UPLOAD.json,0.8689128944277529
corebench_hard,CORE-Agent,o4-mini-2025-04-16-high,0.2666666667,61.3511686,corebench_hard CORE-Agent o4-mini-2025-04-16-high,corebench_hard CORE-Agent ,2025-04-19,corebench_hard_coreagent_1744856042,evals_live/corebench_hard_coreagent_1744856042_UPLOAD.json,0.8812650677565494
corebench_hard,CORE-Agent,o3-2025-04-16,0.2444444444,602.36698,corebench_hard CORE-Agent o3-2025-04-16,corebench_hard CORE-Agent ,2025-04-19,corebench_hard_coreagent_1744752123,evals_live/corebench_hard_coreagent_1744752123_UPLOAD.json,0.9230132580246057
corebench_hard,CORE-Agent,claude-3-7-sonnet-20250219-thinking-low,0.3333333333,75.191293,corebench_hard CORE-Agent claude-3-7-sonnet-20250219-thinking-low,corebench_hard CORE-Agent ,2025-04-19,corebench_hard_coreagent_1744856042,evals_live/corebench_hard_coreagent_1744856042_UPLOAD.json,0.7529240959934724
corebench_hard,CORE-Agent,claude-3-7-sonnet-20250219-thinking-high,0.244444,72.466517,corebench_hard CORE-Agent claude-3-7-sonnet-20250219-thinking-high,corebench_hard CORE-Agent ,2025-04-19,corebench_hard_coreagent_1744856042,evals_live/corebench_hard_coreagent_1744856042_UPLOAD.json,0.761426895021436
corebench_hard,CORE-Agent,deepseek-ai/DeepSeek-R1,0.08888888889,127.565503,corebench_hard CORE-Agent deepseek-ai/DeepSeek-R1,assistantbench Assistantbench Browser Agent (deepseek-ai/DeepSeek-R1) ,2025-06-02,assistantbench_assistantbench_browser_agent_deepseekaideepseekr1_1748894163,evals_live/assistantbench_assistantbench_browser_agent_deepseekaideepseekr1_1748894163_UPLOAD.json,0.7993177512804925
corebench_hard,HAL Generalist Agent,gpt-4.1-2025-04-14,0.1333333333,54.607752,corebench_hard HAL Generalist Agent gpt-4.1-2025-04-14,corebench_hard HAL Generalist Agent ,2025-05-14,corebench_hard_hal_generalist_agent_1747201030,evals_live/corebench_hard_hal_generalist_agent_1747201030_UPLOAD.json,0.9081363713540214
corebench_hard,HAL Generalist Agent,deepseek-ai/DeepSeek-V3,0.08888888889,18.5000425,corebench_hard HAL Generalist Agent deepseek-ai/DeepSeek-V3,assistantbench HAL Generalist Agent (deepseek-ai/DeepSeek-V3) ,2025-05-02,assistantbench_hal_generalist_agent_deepseekaideepseekv3_1746221486,evals_live/assistantbench_hal_generalist_agent_deepseekaideepseekv3_1746221486_UPLOAD.json,0.862083808049065
corebench_hard,HAL Generalist Agent,gemini-2.0-flash,0.06666666667,17.6822214,corebench_hard HAL Generalist Agent gemini-2.0-flash,corebench_hard HAL Generalist Agent ,2025-05-14,corebench_hard_hal_generalist_agent_1747201030,evals_live/corebench_hard_hal_generalist_agent_1747201030_UPLOAD.json,0.8308523736399631
corebench_hard,HAL Generalist Agent,gemini-2.5-pro-preview-03-25,0.04444444444,30.3768125,corebench_hard HAL Generalist Agent gemini-2.5-pro-preview-03-25,corebench_hard HAL Generalist Agent ,2025-05-14,corebench_hard_hal_generalist_agent_1747201030,evals_live/corebench_hard_hal_generalist_agent_1747201030_UPLOAD.json,0.83087991812849
corebench_hard,HAL Generalist Agent,o4-mini-2025-04-16-low,0.1555555556,21.7963834,corebench_hard HAL Generalist Agent o4-mini-2025-04-16-low,corebench_hard HAL Generalist Agent ,2025-05-14,corebench_hard_hal_generalist_agent_1747201030,evals_live/corebench_hard_hal_generalist_agent_1747201030_UPLOAD.json,0.9163287055047233
corebench_hard,HAL Generalist Agent,o4-mini-2025-04-16-high,0.2444444444,50.2795304,corebench_hard HAL Generalist Agent o4-mini-2025-04-16-high,corebench_hard HAL Generalist Agent ,2025-05-14,corebench_hard_hal_generalist_agent_1747201030,evals_live/corebench_hard_hal_generalist_agent_1747201030_UPLOAD.json,0.9223658214332402
corebench_hard,HAL Generalist Agent,o3-2025-04-16,0.1555555556,123.50166,corebench_hard HAL Generalist Agent o3-2025-04-16,corebench_hard HAL Generalist Agent ,2025-05-14,corebench_hard_hal_generalist_agent_1747201030,evals_live/corebench_hard_hal_generalist_agent_1747201030_UPLOAD.json,0.9445629037438896
corebench_hard,HAL Generalist Agent,claude-3-7-sonnet-20250219,,,corebench_hard HAL Generalist Agent claude-3-7-sonnet-20250219,corebench_hard HAL Generalist Agent ,2025-05-15,corebench_hard_hal_generalist_agent_1747285818,evals_live/corebench_hard_hal_generalist_agent_1747285818_UPLOAD.json,0.8453820591388576
corebench_hard,HAL Generalist Agent,claude-3-7-sonnet-20250219-thinking-high,,,corebench_hard HAL Generalist Agent claude-3-7-sonnet-20250219-thinking-high,corebench_hard HAL Generalist Agent ,2025-05-15,corebench_hard_hal_generalist_agent_1747285818,evals_live/corebench_hard_hal_generalist_agent_1747285818_UPLOAD.json,0.8186785175349387
corebench_hard,HAL Generalist Agent,deepseek-ai/DeepSeek-R1,0.06666666667,47.096622,corebench_hard HAL Generalist Agent deepseek-ai/DeepSeek-R1,assistantbench HAL Generalist Agent (deepseek-ai/DeepSeek-R1) ,2025-06-02,assistantbench_hal_generalist_agent_deepseekaideepseekr1_1748900721,evals_live/assistantbench_hal_generalist_agent_deepseekaideepseekr1_1748900721_UPLOAD.json,0.8624080509072751
scicode,SciCode Tool Calling,gpt-4.1-2025-04-14,0.015,69.0,scicode SciCode Tool Calling gpt-4.1-2025-04-14,scicode Scicode Tool Calling Agent (gpt-4.1-2025-04-14) ,2025-04-21,scicode_scicode_tool_calling_agent_gpt4120250414_1745260672,evals_live/scicode_scicode_tool_calling_agent_gpt4120250414_1745260672_UPLOAD.json,0.8606132088498567
scicode,SciCode Tool Calling,o4-mini-2025-04-16-medium,0.03,56.0,scicode SciCode Tool Calling o4-mini-2025-04-16-medium,scicode Scicode Tool Calling Agent (o4-mini-2025-04-16 low) ,2025-04-22,scicode_scicode_tool_calling_agent_o4mini20250416_low_1745286980,evals_live/scicode_scicode_tool_calling_agent_o4mini20250416_low_1745286980_UPLOAD.json,0.8590736135781657
scicode,SciCode Tool Calling,o4-mini-2025-04-16-low,0.05,46.0,scicode SciCode Tool Calling o4-mini-2025-04-16-low,scicode Scicode Tool Calling Agent (o4-mini-2025-04-16 low) ,2025-04-22,scicode_scicode_tool_calling_agent_o4mini20250416_low_1745286980,evals_live/scicode_scicode_tool_calling_agent_o4mini20250416_low_1745286980_UPLOAD.json,0.8724679838123316
scicode,SciCode Tool Calling,o4-mini-2025-04-16-high,0.05,66.0,scicode SciCode Tool Calling o4-mini-2025-04-16-high,scicode Scicode Tool Calling Agent (o4-mini-2025-04-16 high) ,2025-04-23,scicode_scicode_tool_calling_agent_o4mini20250416_high_1745414081,evals_live/scicode_scicode_tool_calling_agent_o4mini20250416_high_1745414081_UPLOAD.json,0.8685952507982517
scicode,SciCode Tool Calling,o3-2025-04-16,0.09,556.0,scicode SciCode Tool Calling o3-2025-04-16,scicode Scicode Tool Calling Agent (o3-2025-04-16) ,2025-04-21,scicode_scicode_tool_calling_agent_o320250416_1745276105,evals_live/scicode_scicode_tool_calling_agent_o320250416_1745276105_UPLOAD.json,0.8580837443316955
scicode,SciCode Tool Calling,claude-3-7-sonnet-20250219,0.03,191.0,scicode SciCode Tool Calling claude-3-7-sonnet-20250219,scicode Scicode Tool Calling Agent (claude-3-7-sonnet-20250219) ,2025-04-22,scicode_scicode_tool_calling_agent_claude37sonnet20250219_1745294865,evals_live/scicode_scicode_tool_calling_agent_claude37sonnet20250219_1745294865_UPLOAD.json,0.8584739704207403
scicode,SciCode Tool Calling,gemini-2.0-flash,0.015,5.2,scicode SciCode Tool Calling gemini-2.0-flash,scicode Scicode Tool Calling Agent (gemini-2.0-flash) ,2025-04-22,scicode_scicode_tool_calling_agent_gemini20flash_1745324545,evals_live/scicode_scicode_tool_calling_agent_gemini20flash_1745324545_UPLOAD.json,0.8726151317451049
scicode,SciCode Tool Calling,deepseek-ai/DeepSeek-V3,0.0,52.0,scicode SciCode Tool Calling deepseek-ai/DeepSeek-V3,scicode Scicode Tool Calling Agent (deepseek-ai/DeepSeek-V3) ,2025-04-23,scicode_scicode_tool_calling_agent_deepseekaiDeepSeekV3_1745349011,evals_live/scicode_scicode_tool_calling_agent_deepseekaiDeepSeekV3_1745349011_UPLOAD.json,0.9002043773879034
scicode,Scicode Zero Shot,gpt-4.1-2025-04-14,0.06,2.8,scicode Scicode Zero Shot gpt-4.1-2025-04-14,scicode Scicode Zero Shot Agent (gpt-4.1-2025-04-14) ,2025-04-21,scicode_scicode_zero_shot_agent_gpt4120250414_1745265933,evals_live/scicode_scicode_zero_shot_agent_gpt4120250414_1745265933_UPLOAD.json,0.9112967836875485
scicode,Scicode Zero Shot,o4-mini-2025-04-16-medium,0.06,2.7,scicode Scicode Zero Shot o4-mini-2025-04-16-medium,scicode Scicode Zero Shot Agent (o4-mini-2025-04-16 low) ,2025-04-21,scicode_scicode_zero_shot_agent_o4mini20250416_low_1745290900,evals_live/scicode_scicode_zero_shot_agent_o4mini20250416_low_1745290900_UPLOAD.json,0.8681269247376778
scicode,Scicode Zero Shot,o4-mini-2025-04-16-low,0.09,1.74,scicode Scicode Zero Shot o4-mini-2025-04-16-low,scicode Scicode Zero Shot Agent (o4-mini-2025-04-16 low) ,2025-04-21,scicode_scicode_zero_shot_agent_o4mini20250416_low_1745290900,evals_live/scicode_scicode_zero_shot_agent_o4mini20250416_low_1745290900_UPLOAD.json,0.8947149997855057
scicode,Scicode Zero Shot,o4-mini-2025-04-16-high,0.06,5.4,scicode Scicode Zero Shot o4-mini-2025-04-16-high,scicode Scicode Zero Shot Agent (o4-mini-2025-04-16 high) ,2025-04-23,scicode_scicode_zero_shot_agent_o4mini20250416_high_1745429794,evals_live/scicode_scicode_zero_shot_agent_o4mini20250416_high_1745429794_UPLOAD.json,0.8871490364630253
scicode,Scicode Zero Shot,o3-2025-04-16,0.05,30.0,scicode Scicode Zero Shot o3-2025-04-16,scicode Scicode Zero Shot Agent (o3-2025-04-16) ,2025-04-21,scicode_scicode_zero_shot_agent_o320250416_1745284451,evals_live/scicode_scicode_zero_shot_agent_o320250416_1745284451_UPLOAD.json,0.8930882664063302
scicode,Scicode Zero Shot,claude-3-7-sonnet-20250219,0.0,5.1,scicode Scicode Zero Shot claude-3-7-sonnet-20250219,scicode Scicode Zero Shot Agent (claude-3-7-sonnet-20250219) ,2025-04-22,scicode_scicode_zero_shot_agent_claude37sonnet20250219_1745345545,evals_live/scicode_scicode_zero_shot_agent_claude37sonnet20250219_1745345545_UPLOAD.json,0.8979019006783445
scicode,Scicode Zero Shot,gemini-2.0-flash,0.015,0.12,scicode Scicode Zero Shot gemini-2.0-flash,scicode Scicode Zero Shot Agent (gemini-2.0-flash) ,2025-04-23,scicode_scicode_zero_shot_agent_gemini20flash_1745437512,evals_live/scicode_scicode_zero_shot_agent_gemini20flash_1745437512_UPLOAD.json,0.9133241215406314
scicode,Scicode Zero Shot,deepseek-ai/DeepSeek-V3,0.03,0.79,scicode Scicode Zero Shot deepseek-ai/DeepSeek-V3,scicode Scicode Zero Shot Agent (deepseek-ai/DeepSeek-V3) ,2025-04-23,scicode_scicode_zero_shot_agent_deepseekaideepseekv3_1745456160,evals_live/scicode_scicode_zero_shot_agent_deepseekaideepseekv3_1745456160_UPLOAD.json,0.9380577759958897
scicode,HAL Generalist Agent,gpt-4.1-2025-04-14,0.02,73.0,scicode HAL Generalist Agent gpt-4.1-2025-04-14,scicode Hal Generalist Agent (gpt-4.1-2025-04-14) ,2025-04-27,scicode_hal_generalist_agent_gpt4120250414_1745597325,evals_live/scicode_hal_generalist_agent_gpt4120250414_1745597325_UPLOAD.json,0.9238782251899892
scicode,HAL Generalist Agent,o4-mini-2025-04-16-medium,0.02,87.0,scicode HAL Generalist Agent o4-mini-2025-04-16-medium,scicode Hal Generalist Agent (o4-mini-2025-04-16) ,2025-04-27,scicode_hal_generalist_agent_o4mini20250416_1745600817,evals_live/scicode_hal_generalist_agent_o4mini20250416_1745600817_UPLOAD.json,0.9120086554221067
scicode,HAL Generalist Agent,o4-mini-2025-04-16-low,0.06,165.0,scicode HAL Generalist Agent o4-mini-2025-04-16-low,scicode Hal Generalist Agent (o4-mini-2025-04-16 low) ,2025-04-27,scicode_hal_generalist_agent_o4mini20250416_low_1745608137,evals_live/scicode_hal_generalist_agent_o4mini20250416_low_1745608137_UPLOAD.json,0.9166081917585316
scicode,HAL Generalist Agent,o4-mini-2025-04-16-high,0.02,92.0,scicode HAL Generalist Agent o4-mini-2025-04-16-high,scicode Hal Generalist Agent (o4-mini-2025-04-16 high) ,2025-04-25,scicode_hal_generalist_agent_o4mini20250416_high_1745615438,evals_live/scicode_hal_generalist_agent_o4mini20250416_high_1745615438_UPLOAD.json,0.9165712690883117
scicode,HAL Generalist Agent,o3-2025-04-16,0.06,291.0,scicode HAL Generalist Agent o3-2025-04-16,scicode Hal Generalist Agent (o3-2025-04-16) ,2025-04-27,scicode_hal_generalist_agent_o320250416_1745625091,evals_live/scicode_hal_generalist_agent_o320250416_1745625091_UPLOAD.json,0.9115293833527801
scicode,HAL Generalist Agent,claude-3-7-sonnet-20250219,0.03,60.0,scicode HAL Generalist Agent claude-3-7-sonnet-20250219,scicode HAL Generalist Agent (claude-3-7-sonnet-20250219) ,2025-04-27,scicode_hal_generalist_agent_claude37sonnet20250219_1745706693,evals_live/scicode_hal_generalist_agent_claude37sonnet20250219_1745706693_UPLOAD.json,0.9638617941499814
scicode,HAL Generalist Agent,gemini-2.0-flash,0.0,61.0,scicode HAL Generalist Agent gemini-2.0-flash,scicode HAL Generalist Agent (gemini-2.0-flash) ,2025-04-26,scicode_hal_generalist_agent_gemini20flash_1745628676,evals_live/scicode_hal_generalist_agent_gemini20flash_1745628676_UPLOAD.json,0.9743808290873144
scicode,HAL Generalist Agent,deepseek-ai/DeepSeek-V3,0.0,219.0,scicode HAL Generalist Agent deepseek-ai/DeepSeek-V3,scicode HAL Generalist Agent (deepseek-ai/DeepSeek-V3) ,2025-04-26,scicode_hal_generalist_agent_deepseekaideepseekv3_1745642054,evals_live/scicode_hal_generalist_agent_deepseekaideepseekv3_1745642054_UPLOAD.json,0.9709088947489395
assistantbench,Assistantbench Browsing Agent,gpt-4.1-2025-04-14,0.17,14.0,assistantbench Assistantbench Browsing Agent gpt-4.1-2025-04-14,assistantbench Assistantbench Browser Agent (gpt-4.1-2025-04-14) ,2025-05-02,assistantbench_assistantbench_browser_agent_gpt4120250414_1746225570,evals_live/assistantbench_assistantbench_browser_agent_gpt4120250414_1746225570_UPLOAD.json,0.9311362650537287
assistantbench,Assistantbench Browsing Agent,o4-mini-2025-04-16-medium,0.24,13.0,assistantbench Assistantbench Browsing Agent o4-mini-2025-04-16-medium,assistantbench Assistantbench Browser Agent (o4-mini-2025-04-16) ,2025-05-02,assistantbench_assistantbench_browser_agent_o4mini20250416_1746227177,evals_live/assistantbench_assistantbench_browser_agent_o4mini20250416_1746227177_UPLOAD.json,0.9332471982291525
assistantbench,Assistantbench Browsing Agent,o4-mini-2025-04-16-low,0.28,9.0,assistantbench Assistantbench Browsing Agent o4-mini-2025-04-16-low,assistantbench Assistantbench Browser Agent (o4-mini-2025-04-16 low) ,2025-05-04,assistantbench_assistantbench_browser_agent_o4mini20250416_low_1746374633,evals_live/assistantbench_assistantbench_browser_agent_o4mini20250416_low_1746374633_UPLOAD.json,0.9449232470140576
assistantbench,Assistantbench Browsing Agent,o4-mini-2025-04-16-high,0.24,16.0,assistantbench Assistantbench Browsing Agent o4-mini-2025-04-16-high,assistantbench Assistantbench Browser Agent (o4-mini-2025-04-16 high) ,2025-05-04,assistantbench_assistantbench_browser_agent_o4mini20250416_high_1746297478,evals_live/assistantbench_assistantbench_browser_agent_o4mini20250416_high_1746297478_UPLOAD.json,0.9423752929503137
assistantbench,Assistantbench Browsing Agent,o3-2025-04-16,0.47,60.0,assistantbench Assistantbench Browsing Agent o3-2025-04-16,assistantbench Assistantbench Browser Agent (o3-2025-04-16) ,2025-06-16,assistantbench_assistantbench_browser_agent_o320250416_1750104946,evals_live/assistantbench_assistantbench_browser_agent_o320250416_1750104946_UPLOAD.json,0.9402916197098818
assistantbench,Assistantbench Browsing Agent,claude-3-7-sonnet-20250219,0.17,56.0,assistantbench Assistantbench Browsing Agent claude-3-7-sonnet-20250219,assistantbench Assistantbench Browser Agent (claude-3-7-sonnet-20250219) ,2025-05-04,assistantbench_assistantbench_browser_agent_claude37sonnet20250219_1746383806,evals_live/assistantbench_assistantbench_browser_agent_claude37sonnet20250219_1746383806_UPLOAD.json,0.9216446220763108
assistantbench,Assistantbench Browsing Agent,gemini-2.0-flash,0.02,0.0,assistantbench Assistantbench Browsing Agent gemini-2.0-flash,assistantbench Assistantbench Browser Agent (gemini-2.0-flash) ,2025-05-04,assistantbench_assistantbench_browser_agent_gemini20flash_1746393958,evals_live/assistantbench_assistantbench_browser_agent_gemini20flash_1746393958_UPLOAD.json,0.9440574094271521
assistantbench,Assistantbench Browsing Agent,deepseek-ai/DeepSeek-R1,,,assistantbench Assistantbench Browsing Agent deepseek-ai/DeepSeek-R1,assistantbench Assistantbench Browser Agent (deepseek-ai/DeepSeek-R1) ,2025-06-02,assistantbench_assistantbench_browser_agent_deepseekaideepseekr1_1748894163,evals_live/assistantbench_assistantbench_browser_agent_deepseekaideepseekr1_1748894163_UPLOAD.json,0.952625151112479
assistantbench,Assistantbench Browsing Agent,claude-3-7-sonnet-20250219-thinking-high,,,assistantbench Assistantbench Browsing Agent claude-3-7-sonnet-20250219-thinking-high,assistantbench Assistantbench Browser Agent (claude-3-7-sonnet-20250219 high) ,2025-05-30,assistantbench_assistantbench_browser_agent_claude37sonnet20250219_high_1748638033,evals_live/assistantbench_assistantbench_browser_agent_claude37sonnet20250219_high_1748638033_UPLOAD.json,0.8428545407238263
assistantbench,Assistantbench Browsing Agent,deepseek-ai/DeepSeek-V3,0.02,13.0,assistantbench Assistantbench Browsing Agent deepseek-ai/DeepSeek-V3,assistantbench Assistantbench Browser Agent (deepseek-ai/DeepSeek-V3) ,2025-05-02,assistantbench_assistantbench_browser_agent_deepseekaideepseekv3_1746233269,evals_live/assistantbench_assistantbench_browser_agent_deepseekaideepseekv3_1746233269_UPLOAD.json,0.9570476382377773
assistantbench,HAL Generalist Agent,gpt-4.1-2025-04-14,0.29,11.0,assistantbench HAL Generalist Agent gpt-4.1-2025-04-14,assistantbench Hal Generalist Agent (gpt-4.1-2025-04-14) ,2025-05-02,assistantbench_hal_generalist_agent_gpt4120250414_1746216493,evals_live/assistantbench_hal_generalist_agent_gpt4120250414_1746216493_UPLOAD.json,0.9432554249595266
assistantbench,HAL Generalist Agent,o4-mini-2025-04-16-medium,0.21,6.0,assistantbench HAL Generalist Agent o4-mini-2025-04-16-medium,assistantbench Hal Generalist Agent (o4-mini-2025-04-16) ,2025-05-02,assistantbench_hal_generalist_agent_o4mini20250416_1746216959,evals_live/assistantbench_hal_generalist_agent_o4mini20250416_1746216959_UPLOAD.json,0.9323893650175487
assistantbench,HAL Generalist Agent,o4-mini-2025-04-16-low,0.16,2.1,assistantbench HAL Generalist Agent o4-mini-2025-04-16-low,assistantbench Hal Generalist Agent (o4-mini-2025-04-16 low) ,2025-05-02,assistantbench_hal_generalist_agent_o4mini20250416_low_1746217634,evals_live/assistantbench_hal_generalist_agent_o4mini20250416_low_1746217634_UPLOAD.json,0.9423247931536098
assistantbench,HAL Generalist Agent,o4-mini-2025-04-16-high,0.22,8.0,assistantbench HAL Generalist Agent o4-mini-2025-04-16-high,assistantbench Hal Generalist Agent (o4-mini-2025-04-16 high) ,2025-05-02,assistantbench_hal_generalist_agent_o4mini20250416_high_1746217844,evals_live/assistantbench_hal_generalist_agent_o4mini20250416_high_1746217844_UPLOAD.json,0.9403989179160265
assistantbench,HAL Generalist Agent,o3-2025-04-16,0.31,31.0,assistantbench HAL Generalist Agent o3-2025-04-16,assistantbench Hal Generalist Agent (o3-2025-04-16) ,2025-05-02,assistantbench_hal_generalist_agent_o320250416_1746219524,evals_live/assistantbench_hal_generalist_agent_o320250416_1746219524_UPLOAD.json,0.9395401024056895
assistantbench,HAL Generalist Agent,claude-3-7-sonnet-20250219-thinking-high,,,assistantbench HAL Generalist Agent claude-3-7-sonnet-20250219-thinking-high,assistantbench HAL Generalist Agent (claude-3-7-sonnet-20250219 high) ,2025-05-31,assistantbench_hal_generalist_agent_claude37sonnet20250219_high_1748661923,evals_live/assistantbench_hal_generalist_agent_claude37sonnet20250219_high_1748661923_UPLOAD.json,0.921000299572118
assistantbench,HAL Generalist Agent,claude-3-7-sonnet-20250219,0.18,10.0,assistantbench HAL Generalist Agent claude-3-7-sonnet-20250219,assistantbench HAL Generalist Agent (claude-3-7-sonnet-20250219) ,2025-05-02,assistantbench_hal_generalist_agent_claude37sonnet20250219_1746223066,evals_live/assistantbench_hal_generalist_agent_claude37sonnet20250219_1746223066_UPLOAD.json,0.9657887247271157
assistantbench,HAL Generalist Agent,gemini-2.0-flash,0.14,1.4,assistantbench HAL Generalist Agent gemini-2.0-flash,assistantbench HAL Generalist Agent (gemini-2.0-flash) ,2025-05-02,assistantbench_hal_generalist_agent_gemini20flash_1746220438,evals_live/assistantbench_hal_generalist_agent_gemini20flash_1746220438_UPLOAD.json,0.9628380159246538
assistantbench,HAL Generalist Agent,deepseek-ai/DeepSeek-R1,,,assistantbench HAL Generalist Agent deepseek-ai/DeepSeek-R1,assistantbench HAL Generalist Agent (deepseek-ai/DeepSeek-R1) ,2025-06-02,assistantbench_hal_generalist_agent_deepseekaideepseekr1_1748900721,evals_live/assistantbench_hal_generalist_agent_deepseekaideepseekr1_1748900721_UPLOAD.json,0.969915145642047
assistantbench,HAL Generalist Agent,deepseek-ai/DeepSeek-V3,0.38,4.0,assistantbench HAL Generalist Agent deepseek-ai/DeepSeek-V3,assistantbench HAL Generalist Agent (deepseek-ai/DeepSeek-V3) ,2025-05-02,assistantbench_hal_generalist_agent_deepseekaideepseekv3_1746221486,evals_live/assistantbench_hal_generalist_agent_deepseekaideepseekv3_1746221486_UPLOAD.json,0.9712024835169211
colbench-backend,HAL Generalist Agent,gpt-4.1-2025-04-14,0.359,143.3,colbench-backend HAL Generalist Agent gpt-4.1-2025-04-14,colbench_backend_programming Hal Generalist Agent (GPT4.1) ,2025-05-21,colbench_backend_programming_colbench_gpt41_fixed_1747800941,evals_live/colbench_backend_programming_colbench_gpt41_fixed_1747800941_UPLOAD.json,0.8806573907449168
colbench-backend,HAL Generalist Agent,o4-mini-2025-04-16-low,0.289,110.6,colbench-backend HAL Generalist Agent o4-mini-2025-04-16-low,colbench_backend_programming Hal Generalist Agent (O4-mini-high) ,2025-05-21,colbench_backend_programming_colbench_o4minihigh_1747802893,evals_live/colbench_backend_programming_colbench_o4minihigh_1747802893_UPLOAD.json,0.8833098223665146
colbench-backend,HAL Generalist Agent,o4-mini-2025-04-16-high,0.304,138.1,colbench-backend HAL Generalist Agent o4-mini-2025-04-16-high,colbench_backend_programming Hal Generalist Agent (O4-mini-high) ,2025-05-21,colbench_backend_programming_colbench_o4minihigh_1747802893,evals_live/colbench_backend_programming_colbench_o4minihigh_1747802893_UPLOAD.json,0.8879501881858154
colbench-backend,HAL Generalist Agent,claude-3-7-sonnet-20250219,0.437,202.3,colbench-backend HAL Generalist Agent claude-3-7-sonnet-20250219,assistantbench HAL Generalist Agent (claude-3-7-sonnet-20250219) ,2025-05-02,assistantbench_hal_generalist_agent_claude37sonnet20250219_1746223066,evals_live/assistantbench_hal_generalist_agent_claude37sonnet20250219_1746223066_UPLOAD.json,0.8358241512859952
colbench-backend,HAL Generalist Agent,deepseek-ai/DeepSeek-V3,0.345,53.3,colbench-backend HAL Generalist Agent deepseek-ai/DeepSeek-V3,colbench_backend_programming Hal Generalist Agent (DeepSeek-V3) ,2025-05-21,colbench_backend_programming_colbench_deepseekv3_1747810527,evals_live/colbench_backend_programming_colbench_deepseekv3_1747810527_UPLOAD.json,0.8991992928714296
colbench-backend,HAL Generalist Agent,deepseek-ai/DeepSeek-R1,0.296,204.8,colbench-backend HAL Generalist Agent deepseek-ai/DeepSeek-R1,colbench_backend_programming Hal Generalist Agent (DeepSeek-R1) ,2025-05-21,colbench_backend_programming_colbench_deepseekr1_1747811937,evals_live/colbench_backend_programming_colbench_deepseekr1_1747811937_UPLOAD.json,0.8982997439499563
colbench-backend,HAL Generalist Agent,o3-2025-04-16,0.25,1299.3,colbench-backend HAL Generalist Agent o3-2025-04-16,colbench_backend_programming Hal Generalist Agent (O3-low) ,2025-05-21,colbench_backend_programming_colbench_o3_1747857696,evals_live/colbench_backend_programming_colbench_o3_1747857696_UPLOAD.json,0.8789204428262913
colbench-frontend,HAL Generalist Agent,gpt-4.1-2025-04-14,0.722,15.7,colbench-frontend HAL Generalist Agent gpt-4.1-2025-04-14,colbench_backend_programming Hal Generalist Agent (GPT4.1) ,2025-05-21,colbench_backend_programming_colbench_gpt41_fixed_1747800941,evals_live/colbench_backend_programming_colbench_gpt41_fixed_1747800941_UPLOAD.json,0.8494666067779032
colbench-frontend,HAL Generalist Agent,o4-mini-2025-04-16-low,0.721,20.6,colbench-frontend HAL Generalist Agent o4-mini-2025-04-16-low,colbench_backend_programming Hal Generalist Agent (O4-mini-high) ,2025-05-21,colbench_backend_programming_colbench_o4minihigh_1747802893,evals_live/colbench_backend_programming_colbench_o4minihigh_1747802893_UPLOAD.json,0.8403455425488304
colbench-frontend,HAL Generalist Agent,o4-mini-2025-04-16-high,0.707,29.43475,colbench-frontend HAL Generalist Agent o4-mini-2025-04-16-high,colbench_backend_programming Hal Generalist Agent (O4-mini-high) ,2025-05-21,colbench_backend_programming_colbench_o4minihigh_1747802893,evals_live/colbench_backend_programming_colbench_o4minihigh_1747802893_UPLOAD.json,0.8457062786203537
colbench-frontend,HAL Generalist Agent,claude-3-7-sonnet-20250219,0.693,104.8,colbench-frontend HAL Generalist Agent claude-3-7-sonnet-20250219,colbench_backend_programming Hal Generalist Agent (Sonnet3.7) ,2025-05-23,colbench_backend_programming_halgeneralist_backend_sonnet37_1747966087,evals_live/colbench_backend_programming_halgeneralist_backend_sonnet37_1747966087_UPLOAD.json,0.7987021708983364
colbench-frontend,HAL Generalist Agent,deepseek-ai/DeepSeek-V3,0.713,11.08,colbench-frontend HAL Generalist Agent deepseek-ai/DeepSeek-V3,colbench_backend_programming Hal Generalist Agent (DeepSeek-V3) ,2025-05-21,colbench_backend_programming_colbench_deepseekv3_1747810527,evals_live/colbench_backend_programming_colbench_deepseekv3_1747810527_UPLOAD.json,0.8733344690213327
colbench-frontend,HAL Generalist Agent,deepseek-ai/DeepSeek-R1,0.57,32.3,colbench-frontend HAL Generalist Agent deepseek-ai/DeepSeek-R1,colbench_backend_programming Hal Generalist Agent (DeepSeek-R1) ,2025-05-21,colbench_backend_programming_colbench_deepseekr1_1747811937,evals_live/colbench_backend_programming_colbench_deepseekr1_1747811937_UPLOAD.json,0.8710776902715964
colbench-frontend,HAL Generalist Agent,o3-2025-04-16,0.654,194.0,colbench-frontend HAL Generalist Agent o3-2025-04-16,colbench_backend_programming Hal Generalist Agent (O3-low) ,2025-05-21,colbench_backend_programming_colbench_o3_1747857696,evals_live/colbench_backend_programming_colbench_o3_1747857696_UPLOAD.json,0.8459075157634675
Online-Mind2Web,Browser-Use,deepseek-ai/DeepSeek-V3,32.3,214.7,Online-Mind2Web Browser-Use deepseek-ai/DeepSeek-V3,online_mind2web Browser-Use(DeepSeek-V3) ,2025-05-09,browser-use_DeepSeek-V3,evals_live/browser-use_DeepSeek-V3_UPLOAD_mapped.json,0.8991198959169644
Online-Mind2Web,Browser-Use,deepseek-ai/DeepSeek-R1,25.3,280.9,Online-Mind2Web Browser-Use deepseek-ai/DeepSeek-R1,online_mind2web Browser-Use(DeepSeek-R1) ,2025-05-11,browser-use_DeepSeek-R1,evals_live/browser-use_DeepSeek-R1_UPLOAD_mapped.json,0.904089950234378
Online-Mind2Web,Browser-Use,claude-3-7-sonnet-20250219,38.3,926.5,Online-Mind2Web Browser-Use claude-3-7-sonnet-20250219,online_mind2web Browser-Use(claude-3-7-sonnet-20250219) ,2025-05-05,browser-use_claude-3-7-sonnet-20250219,evals_live/browser-use_claude-3-7-sonnet-20250219_UPLOAD_mapped.json,0.9013016563279164
Online-Mind2Web,Browser-Use,o4-mini-2025-04-16-low,31.7,162.4,Online-Mind2Web Browser-Use o4-mini-2025-04-16-low,online_mind2web Browser-Use(o4-mini-2025-04-16_low_reasoning_effort) ,2025-05-08,browser-use_o4-mini_reasoning_effort_low,evals_live/browser-use_o4-mini_reasoning_effort_low_UPLOAD.json,0.8031622748658772
Online-Mind2Web,Browser-Use,o4-mini-2025-04-16-high,20.0,297.9,Online-Mind2Web Browser-Use o4-mini-2025-04-16-high,online_mind2web Browser-Use(o4-mini-2025-04-16_high_reasoning_effort) ,2025-05-02,browser-use_o4-mini_reasoning_effort_high,evals_live/browser-use_o4-mini_reasoning_effort_high_UPLOAD.json,0.814000066184534
Online-Mind2Web,Browser-Use,gpt-4.1-2025-04-14,36.3,236.6,Online-Mind2Web Browser-Use gpt-4.1-2025-04-14,online_mind2web Browser-Use(gpt-4.1-2025-04-14) ,2025-05-02,browser-use_gpt-4.1-2025-04-14,evals_live/browser-use_gpt-4.1-2025-04-14_UPLOAD.json,0.9058160677307794
Online-Mind2Web,Browser-Use,o3-2025-04-16,29.0,1857.9,Online-Mind2Web Browser-Use o3-2025-04-16,online_mind2web Browser-Use(o3-2025-04-16) ,2025-05-17,browser-use_o3-2025-04-16,evals_live/browser-use_o3-2025-04-16_UPLOAD.json,0.8917568572535148
Online-Mind2Web,SeeAct,claude-3-7-sonnet-20250219,28.3,292.0,Online-Mind2Web SeeAct claude-3-7-sonnet-20250219,online_mind2web SeeAct(claude-3-7-sonnet-20250219) ,2025-05-09,seeact_claude-3-7-sonnet-20250219,evals_live/seeact_claude-3-7-sonnet-20250219_UPLOAD.json,0.9210998058612818
Online-Mind2Web,SeeAct,o4-mini-2025-04-16-low,31.7,162.4,Online-Mind2Web SeeAct o4-mini-2025-04-16-low,online_mind2web SeeAct(o3-2025-04-16) ,2025-05-18,seeact_o3-2025-04-16,evals_live/seeact_o3-2025-04-16_UPLOAD.json,0.7697409885695703
Online-Mind2Web,SeeAct,o4-mini-2025-04-16-high,32.0,229.0,Online-Mind2Web SeeAct o4-mini-2025-04-16-high,online_mind2web SeeAct(o3-2025-04-16) ,2025-05-18,seeact_o3-2025-04-16,evals_live/seeact_o3-2025-04-16_UPLOAD.json,0.7838327892274235
Online-Mind2Web,SeeAct,gpt-4.1-2025-04-14,30.3,271.2,Online-Mind2Web SeeAct gpt-4.1-2025-04-14,online_mind2web SeeAct(gpt-4.1-2025-04-14) ,2025-05-05,seeact_gpt-4.1-2025-04-14,evals_live/seeact_gpt-4.1-2025-04-14_UPLOAD.json,0.8878841400186017
Online-Mind2Web,SeeAct,o3-2025-04-16,39.0,1293.7,Online-Mind2Web SeeAct o3-2025-04-16,online_mind2web SeeAct(o3-2025-04-16) ,2025-05-18,seeact_o3-2025-04-16,evals_live/seeact_o3-2025-04-16_UPLOAD.json,0.8389128731934892
Online-Mind2Web,SeeAct,gemini-2.5-pro-preview-03-25,39.6,153.61,Online-Mind2Web SeeAct gemini-2.5-pro-preview-03-25,online_mind2web SeeAct(gemini-2.5-pro-preview-03-25) ,2025-06-02,seeact_gemini-2.5-pro-preview-03-25,evals_live/seeact_gemini-2.5-pro-preview-03-25_UPLOAD.json,0.8901588023386762
Online-Mind2Web,SeeAct,claude-3-7-sonnet-20250219-thinking-high,30.3,367.5,Online-Mind2Web SeeAct claude-3-7-sonnet-20250219-thinking-high,online_mind2web SeeAct(claude-3-7-sonnet-20250219_thinking_high_4096) ,2025-05-25,seeact_claude-3-7-sonnet-20250219_thinking_high_4096,evals_live/seeact_claude-3-7-sonnet-20250219_thinking_high_4096_UPLOAD.json,0.922187379591412
