Benchmark,Agent Name,Model Name,Date,Accuracy,Total Cost,AMP Parkinsons Disease Progression Prediction Score,AUC,Accuracy (Easy),Accuracy (Hard),Accuracy (Medium),Accuracy CI,Answer Rate,Average Correctness,Average Score,CIFAR10 Score,CodeBERT Score,Exact Matches,F1 Score,Fathomnet Score,Feedback Score,House Price Score,IMDB Score,Level 1 Accuracy,Level 2 Accuracy,Level 3 Accuracy,Non-Refusal Harm Score,Overall Score,Precision,Recall,Refusals,Runs,Scenario Goal Completion,Spaceship Titanic Score,Subtask Accuracy,Success Rate,Task Goal Completion,Total (Easy),Total (Hard),Total (Medium),Total Cost CI,Total Tasks,Trace Stem,Traces,URL,Valid Program Rate,Vectorization Score,Verified,benchmark_name,run_id
swebench_verified_mini,SWE-Agent (Claude Opus 4.1 (August 2025)),Claude Opus 4.1 (August 2025),2025-08-08,54.0,1789.67,,,,,,,,,,,,,,,,,,,,,,,,,,1,,,,,,,,,,,swebench_verified_mini_sweagentclaudeopus4120250805_1754598086_UPLOAD,https://huggingface.co/datasets/agent-evals/hal_traces/resolve/main/swebench_verified_mini_sweagentclaudeopus4120250805_1754598086_UPLOAD.zip?download=true,,,,✓,swebench_verified_mini,swebench_verified_mini_sweagentclaudeopus4120250805_1754598086
swebench_verified_mini,SWE-Agent (Claude Opus 4.1 High (August 2025)),Claude Opus 4.1 High (August 2025),2025-08-08,54.0,1599.9,,,,,,,,,,,,,,,,,,,,,,,,,,1,,,,,,,,,,,swebench_verified_mini_sweagentclaudeopus4120250805_1754580585_UPLOAD,https://huggingface.co/datasets/agent-evals/hal_traces/resolve/main/swebench_verified_mini_sweagentclaudeopus4120250805_1754580585_UPLOAD.zip?download=true,,,,✓,swebench_verified_mini,swebench_verified_mini_sweagentclaudeopus4120250805_1754580585
swebench_verified_mini,SWE-Agent (Claude-3.7 Sonnet High (February 2025)),Claude-3.7 Sonnet High (February 2025),2025-04-11,54.0,388.88,,,,,,,,,,,,,,,,,,,,,,,,,,1,,,,,,,,,,,swebench_verified_mini_1744397462_UPLOAD,https://huggingface.co/datasets/agent-evals/hal_traces/resolve/main/swebench_verified_mini_1744397462_UPLOAD.zip?download=true,,,,✓,swebench_verified_mini,swebench_verified_mini_1744397462
swebench_verified_mini,SWE-Agent (o4-mini Low (April 2025)),o4-mini Low (April 2025),2025-04-22,54.0,259.2,,,,,,,,,,,,,,,,,,,,,,,,,,1,,,,,,,,,,,swebench_verified_mini_my_agento4mini20250416_1745279519_UPLOAD,https://huggingface.co/datasets/agent-evals/hal_traces/resolve/main/swebench_verified_mini_my_agento4mini20250416_1745279519_UPLOAD.zip?download=true,,,,✓,swebench_verified_mini,swebench_verified_mini_my_agento4mini20250416_1745279519
swebench_verified_mini,SWE-Agent (Claude Opus 4 (May 2025)),Claude Opus 4 (May 2025),2025-08-03,50.0,1330.9,,,,,,,,,,,,,,,,,,,,,,,,,,1,,,,,,,,,,,swebench_verified_mini_my_agentclaudeopus420250514_1754199232_UPLOAD,https://huggingface.co/datasets/agent-evals/hal_traces/resolve/main/swebench_verified_mini_my_agentclaudeopus420250514_1754199232_UPLOAD.zip?download=true,,,,✓,swebench_verified_mini,swebench_verified_mini_my_agentclaudeopus420250514_1754199232
swebench_verified_mini,SWE-Agent (Claude-3.7 Sonnet (February 2025)),Claude-3.7 Sonnet (February 2025),2025-04-11,50.0,402.69,,,,,,,,,,,,,,,,,,,,,,,,,,1,,,,,,,,,,,swebench_verified_mini_1744335342_UPLOAD,https://huggingface.co/datasets/agent-evals/hal_traces/resolve/main/swebench_verified_mini_1744335342_UPLOAD.zip?download=true,,,,✓,swebench_verified_mini,swebench_verified_mini_1744335342
swebench_verified_mini,SWE-Agent (o4-mini High (April 2025)),o4-mini High (April 2025),2025-04-23,50.0,248.46,,,,,,,,,,,,,,,,,,,,,,,,,,1,,,,,,,,,,,swebench_verified_mini_my_agento4mini20250416_1745345781_UPLOAD,https://huggingface.co/datasets/agent-evals/hal_traces/resolve/main/swebench_verified_mini_my_agento4mini20250416_1745345781_UPLOAD.zip?download=true,,,,✓,swebench_verified_mini,swebench_verified_mini_my_agento4mini20250416_1745345781
swebench_verified_mini,HAL Generalist Agent (Claude Opus 4.1 High (August 2025)),Claude Opus 4.1 High (August 2025),2025-08-23,46.0,399.93,,,,,,,,,,,,,,,,,,,,,,,,,,1,,,,,,,,,,,swebench_verified_mini_hal_generalist_claudeopus4120250805_1755656398_UPLOAD,https://huggingface.co/datasets/agent-evals/hal_traces/resolve/main/swebench_verified_mini_hal_generalist_claudeopus4120250805_1755656398_UPLOAD.zip?download=true,,,,✓,swebench_verified_mini,swebench_verified_mini_hal_generalist_claudeopus4120250805_1755656398
swebench_verified_mini,SWE-Agent (GPT-5 Medium (August 2025)),GPT-5 Medium (August 2025),2025-08-08,46.0,162.93,,,,,,,,,,,,,,,,,,,,,,,,,,1,,,,,,,,,,,swebench_verified_mini_sweagentgpt520250807_1754592641_UPLOAD,https://huggingface.co/datasets/agent-evals/hal_traces/resolve/main/swebench_verified_mini_sweagentgpt520250807_1754592641_UPLOAD.zip?download=true,,,,✓,swebench_verified_mini,swebench_verified_mini_sweagentgpt520250807_1754592641
swebench_verified_mini,SWE-Agent (o3 Medium (April 2025)),o3 Medium (April 2025),2025-08-09,46.0,483.43,,,,,,,,,,,,,,,,,,,,,,,,,,1,,,,,,,,,,,swebench_verified_mini_sweagento320250416_1754691194_UPLOAD,https://huggingface.co/datasets/agent-evals/hal_traces/resolve/main/swebench_verified_mini_sweagento320250416_1754691194_UPLOAD.zip?download=true,,,,✓,swebench_verified_mini,swebench_verified_mini_sweagento320250416_1754691194
swebench_verified_mini,SWE-Agent (GPT-4.1 (April 2025)),GPT-4.1 (April 2025),2025-04-15,44.0,393.65,,,,,,,,,,,,,,,,,,,,,,,,,,1,,,,,,,,,,,swebench_verified_mini_my_agentgpt41_1744677207_UPLOAD,https://huggingface.co/datasets/agent-evals/hal_traces/resolve/main/swebench_verified_mini_my_agentgpt41_1744677207_UPLOAD.zip?download=true,,,,✓,swebench_verified_mini,swebench_verified_mini_my_agentgpt41_1744677207
swebench_verified_mini,HAL Generalist Agent (Claude Opus 4.1 (August 2025)),Claude Opus 4.1 (August 2025),2025-08-23,42.0,477.65,,,,,,,,,,,,,,,,,,,,,,,,,,1,,,,,,,,,,,swebench_verified_mini_hal_generalist_claudeopus4120250805_1755678864_UPLOAD,https://huggingface.co/datasets/agent-evals/hal_traces/resolve/main/swebench_verified_mini_hal_generalist_claudeopus4120250805_1755678864_UPLOAD.zip?download=true,,,,✓,swebench_verified_mini,swebench_verified_mini_hal_generalist_claudeopus4120250805_1755678864
swebench_verified_mini,HAL Generalist Agent (Claude Opus 4 (May 2025)),Claude Opus 4 (May 2025),2025-08-17,34.0,382.39,,,,,,,,,,,,,,,,,,,,,,,,,,1,,,,,,,,,,,swebench_verified_mini_hal_generalist_claudeopus420250514_1755353480_UPLOAD,https://huggingface.co/datasets/agent-evals/hal_traces/resolve/main/swebench_verified_mini_hal_generalist_claudeopus420250514_1755353480_UPLOAD.zip?download=true,,,,✓,swebench_verified_mini,swebench_verified_mini_hal_generalist_claudeopus420250514_1755353480
swebench_verified_mini,HAL Generalist Agent (Claude Opus 4 High (May 2025)),Claude Opus 4 High (May 2025),2025-08-04,30.0,403.42,,,,,,,,,,,,,,,,,,,,,,,,,,1,,,,,,,,,,,swebench_verified_mini_hal_generalist_claudeopus420250514_1754322422_UPLOAD,https://huggingface.co/datasets/agent-evals/hal_traces/resolve/main/swebench_verified_mini_hal_generalist_claudeopus420250514_1754322422_UPLOAD.zip?download=true,,,,✓,swebench_verified_mini,swebench_verified_mini_hal_generalist_claudeopus420250514_1754322422
swebench_verified_mini,HAL Generalist Agent (Claude-3.7 Sonnet (February 2025)),Claude-3.7 Sonnet (February 2025),2025-04-14,26.0,117.43,,,,,,,,,,,,,,,,,,,,,,,,,,1,,,,,,,,,,,swebench_verified_mini_hal_generalist_agent_claude37sonnet20250219_1744644286_UPLOAD,https://huggingface.co/datasets/agent-evals/hal_traces/resolve/main/swebench_verified_mini_hal_generalist_agent_claude37sonnet20250219_1744644286_UPLOAD.zip?download=true,,,,✓,swebench_verified_mini,swebench_verified_mini_hal_generalist_agent_claude37sonnet20250219_1744644286
swebench_verified_mini,HAL Generalist Agent (Claude-3.7 Sonnet High (February 2025)),Claude-3.7 Sonnet High (February 2025),2025-08-05,24.0,72.98,,,,,,,,,,,,,,,,,,,,,,,,,,1,,,,,,,,,,,swebench_verified_mini_hal_generalist_claude37sonnet20250219_1754345420_UPLOAD,https://huggingface.co/datasets/agent-evals/hal_traces/resolve/main/swebench_verified_mini_hal_generalist_claude37sonnet20250219_1754345420_UPLOAD.zip?download=true,,,,✓,swebench_verified_mini,swebench_verified_mini_hal_generalist_claude37sonnet20250219_1754345420
swebench_verified_mini,SWE-Agent (DeepSeek V3 (March 2025)),DeepSeek V3 (March 2025),2025-04-17,24.0,11.77,,,,,,,,,,,,,,,,,,,,,,,,,,1,,,,,,,,,,,swebench_verified_mini_my_agenttogether_aideepseekaideepseekv3_1744923150_UPLOAD,https://huggingface.co/datasets/agent-evals/hal_traces/resolve/main/swebench_verified_mini_my_agenttogether_aideepseekaideepseekv3_1744923150_UPLOAD.zip?download=true,,,,✓,swebench_verified_mini,swebench_verified_mini_my_agenttogether_aideepseekaideepseekv3_1744923150
swebench_verified_mini,SWE-Agent (Gemini 2.0 Flash (February 2025)),Gemini 2.0 Flash (February 2025),2025-04-13,24.0,4.72,,,,,,,,,,,,,,,,,,,,,,,,,,1,,,,,,,,,,,swebench_verified_mini_1744505272_UPLOAD,https://huggingface.co/datasets/agent-evals/hal_traces/resolve/main/swebench_verified_mini_1744505272_UPLOAD.zip?download=true,,,,✓,swebench_verified_mini,swebench_verified_mini_1744505272
swebench_verified_mini,HAL Generalist Agent (GPT-5 Medium (August 2025)),GPT-5 Medium (August 2025),2025-08-18,12.0,57.58,,,,,,,,,,,,,,,,,,,,,,,,,,1,,,,,,,,,,,swebench_verified_mini_hal_generalist_gpt520250807_1755463923_UPLOAD,https://huggingface.co/datasets/agent-evals/hal_traces/resolve/main/swebench_verified_mini_hal_generalist_gpt520250807_1755463923_UPLOAD.zip?download=true,,,,✓,swebench_verified_mini,swebench_verified_mini_hal_generalist_gpt520250807_1755463923
swebench_verified_mini,HAL Generalist Agent (DeepSeek V3 (March 2025)),DeepSeek V3 (March 2025),2025-04-14,10.0,30.17,,,,,,,,,,,,,,,,,,,,,,,,,,1,,,,,,,,,,,swebench_verified_mini_hal_generalist_agent_deepseekaideepseekv3_1744610459_UPLOAD,https://huggingface.co/datasets/agent-evals/hal_traces/resolve/main/swebench_verified_mini_hal_generalist_agent_deepseekaideepseekv3_1744610459_UPLOAD.zip?download=true,,,,✓,swebench_verified_mini,swebench_verified_mini_hal_generalist_agent_deepseekaideepseekv3_1744610459
swebench_verified_mini,HAL Generalist Agent (DeepSeek R1 (January 2025)),DeepSeek R1 (January 2025),2025-04-14,6.0,28.37,,,,,,,,,,,,,,,,,,,,,,,,,,1,,,,,,,,,,,swebench_verified_mini_hal_generalist_agent_deepseekaideepseekr1_1744619918_UPLOAD,https://huggingface.co/datasets/agent-evals/hal_traces/resolve/main/swebench_verified_mini_hal_generalist_agent_deepseekaideepseekr1_1744619918_UPLOAD.zip?download=true,,,,✓,swebench_verified_mini,swebench_verified_mini_hal_generalist_agent_deepseekaideepseekr1_1744619918
swebench_verified_mini,HAL Generalist Agent (o4-mini Low (April 2025)),o4-mini Low (April 2025),2025-07-29,6.0,87.03,,,,,,,,,,,,,,,,,,,,,,,,,,1,,,,,,,,,,,swebench_verified_mini_hal_generalist_agent_o4mini20250416_low_1753776027_UPLOAD,https://huggingface.co/datasets/agent-evals/hal_traces/resolve/main/swebench_verified_mini_hal_generalist_agent_o4mini20250416_low_1753776027_UPLOAD.zip?download=true,,,,✓,swebench_verified_mini,swebench_verified_mini_hal_generalist_agent_o4mini20250416_low_1753776027
swebench_verified_mini,HAL Generalist Agent (GPT-4.1 (April 2025)),GPT-4.1 (April 2025),2025-04-14,2.0,51.8,,,,,,,,,,,,,,,,,,,,,,,,,,1,,,,,,,,,,,swebench_verified_mini_hal_generalist_agent_gpt4120250414_1744667697_UPLOAD,https://huggingface.co/datasets/agent-evals/hal_traces/resolve/main/swebench_verified_mini_hal_generalist_agent_gpt4120250414_1744667697_UPLOAD.zip?download=true,,,,✓,swebench_verified_mini,swebench_verified_mini_hal_generalist_agent_gpt4120250414_1744667697
swebench_verified_mini,HAL Generalist Agent (Gemini 2.0 Flash (February 2025)),Gemini 2.0 Flash (February 2025),2025-04-14,2.0,7.33,,,,,,,,,,,,,,,,,,,,,,,,,,1,,,,,,,,,,,swebench_verified_mini_hal_generalist_agent_gemini20flash_1744635676_UPLOAD,https://huggingface.co/datasets/agent-evals/hal_traces/resolve/main/swebench_verified_mini_hal_generalist_agent_gemini20flash_1744635676_UPLOAD.zip?download=true,,,,✓,swebench_verified_mini,swebench_verified_mini_hal_generalist_agent_gemini20flash_1744635676
swebench_verified_mini,HAL Generalist Agent (o4-mini High (April 2025)),o4-mini High (April 2025),2025-07-29,2.0,32.02,,,,,,,,,,,,,,,,,,,,,,,,,,1,,,,,,,,,,,swebench_verified_mini_hal_generalist_agent_o4mini20250416_high_1753778285_UPLOAD,https://huggingface.co/datasets/agent-evals/hal_traces/resolve/main/swebench_verified_mini_hal_generalist_agent_o4mini20250416_high_1753778285_UPLOAD.zip?download=true,,,,✓,swebench_verified_mini,swebench_verified_mini_hal_generalist_agent_o4mini20250416_high_1753778285
swebench_verified_mini,HAL Generalist Agent (o3 Medium (April 2025)),o3 Medium (April 2025),2025-08-16,0.0,585.71,,,,,,,,,,,,,,,,,,,,,,,,,,1,,,,,,,,,,,swebench_verified_mini_hal_generalist_o320250416_1755319917_UPLOAD,https://huggingface.co/datasets/agent-evals/hal_traces/resolve/main/swebench_verified_mini_hal_generalist_o320250416_1755319917_UPLOAD.zip?download=true,,,,✓,swebench_verified_mini,swebench_verified_mini_hal_generalist_o320250416_1755319917
swebench_verified_mini,SWE-Agent (DeepSeek R1 (January 2025)),DeepSeek R1 (January 2025),2025-04-21,0.0,1.13,,,,,,,,,,,,,,,,,,,,,,,,,,1,,,,,,,,,,,swebench_verified_mini_my_agenttogether_aideepseekaideepseekr1_1745262492_UPLOAD,https://huggingface.co/datasets/agent-evals/hal_traces/resolve/main/swebench_verified_mini_my_agenttogether_aideepseekaideepseekr1_1745262492_UPLOAD.zip?download=true,,,,✓,swebench_verified_mini,swebench_verified_mini_my_agenttogether_aideepseekaideepseekr1_1745262492
assistantbench,Browser-Use (o3 Medium (April 2025)),o3 Medium (April 2025),2025-07-31,38.81,15.15,,,,,,,0.8484848484848485,,0.3881086642914106,,,0.06060606060606061,,,,,,,,,,,0.46,,,1,,,,,,,,,,,assistantbench_assistantbench_browser_agent_o320250416_1750104946_UPLOAD,https://huggingface.co/datasets/agent-evals/hal_traces/resolve/main/assistantbench_assistantbench_browser_agent_o320250416_1750104946_UPLOAD.zip?download=true,,,,✓,assistantbench,assistantbench_assistantbench_browser_agent_o320250416_1750104946
assistantbench,Browser-Use (GPT-5 Medium (August 2025)),GPT-5 Medium (August 2025),2025-08-08,35.23,41.69,,,,,,,0.7575757575757576,,0.3523396199434869,,,0.0,,,,,,,,,,,0.47,,,1,,,,,,,,,,,assistantbench_assistantbench_browser_agent_gpt5_1754633901_UPLOAD,https://huggingface.co/datasets/agent-evals/hal_traces/resolve/main/assistantbench_assistantbench_browser_agent_gpt5_1754633901_UPLOAD.zip?download=true,,,,✓,assistantbench,assistantbench_assistantbench_browser_agent_gpt5_1754633901
assistantbench,Browser-Use (o4-mini Low (April 2025)),o4-mini Low (April 2025),2025-07-31,28.05,9.22,,,,,,,0.6666666666666666,,0.2804753762722744,,,0.06060606060606061,,,,,,,,,,,0.42,,,1,,,,,,,,,,,assistantbench_assistantbench_browser_agent_o4mini20250416_low_1746374633_UPLOAD,https://huggingface.co/datasets/agent-evals/hal_traces/resolve/main/assistantbench_assistantbench_browser_agent_o4mini20250416_low_1746374633_UPLOAD.zip?download=true,,,,✓,assistantbench,assistantbench_assistantbench_browser_agent_o4mini20250416_low_1746374633
assistantbench,Browser-Use (o4-mini High (April 2025)),o4-mini High (April 2025),2025-07-31,23.84,16.39,,,,,,,0.8484848484848485,,0.2384401303305357,,,0.06060606060606061,,,,,,,,,,,0.28,,,1,,,,,,,,,,,assistantbench_assistantbench_browser_agent_o4mini20250416_high_1746297478_UPLOAD,https://huggingface.co/datasets/agent-evals/hal_traces/resolve/main/assistantbench_assistantbench_browser_agent_o4mini20250416_high_1746297478_UPLOAD.zip?download=true,,,,✓,assistantbench,assistantbench_assistantbench_browser_agent_o4mini20250416_high_1746297478
assistantbench,Browser-Use (GPT-4.1 (April 2025)),GPT-4.1 (April 2025),2025-07-31,17.39,14.15,,,,,,,0.696969696969697,,0.17392716137854755,,,0.06060606060606061,,,,,,,,,,,0.25,,,1,,,,,,,,,,,assistantbench_assistantbench_browser_agent_gpt4120250414_1746225570_UPLOAD,https://huggingface.co/datasets/agent-evals/hal_traces/resolve/main/assistantbench_assistantbench_browser_agent_gpt4120250414_1746225570_UPLOAD.zip?download=true,,,,✓,assistantbench,assistantbench_assistantbench_browser_agent_gpt4120250414_1746225570
assistantbench,Browser-Use (Claude-3.7 Sonnet (February 2025)),Claude-3.7 Sonnet (February 2025),2025-07-31,16.69,56.0,,,,,,,0.5454545454545454,,0.1669258877422414,,,0.030303030303030304,,,,,,,,,,,0.31,,,1,,,,,,,,,,,assistantbench_assistantbench_browser_agent_claude37sonnet20250219_1746383806_UPLOAD,https://huggingface.co/datasets/agent-evals/hal_traces/resolve/main/assistantbench_assistantbench_browser_agent_claude37sonnet20250219_1746383806_UPLOAD.zip?download=true,,,,✓,assistantbench,assistantbench_assistantbench_browser_agent_claude37sonnet20250219_1746383806
assistantbench,Browser-Use (Claude Opus 4.1 High (August 2025)),Claude Opus 4.1 High (August 2025),2025-08-15,13.75,779.72,,,,,,,0.3939393939393939,,0.13752393306014937,,,0.0,,,,,,,,,,,0.35,,,1,,,,,,,,,,,assistantbench_assistantbench_browser_agent_claudeopus41_high_1755199872_UPLOAD,https://huggingface.co/datasets/agent-evals/hal_traces/resolve/main/assistantbench_assistantbench_browser_agent_claudeopus41_high_1755199872_UPLOAD.zip?download=true,,,,✓,assistantbench,assistantbench_assistantbench_browser_agent_claudeopus41_high_1755199872
assistantbench,Browser-Use (Claude-3.7 Sonnet High (February 2025)),Claude-3.7 Sonnet High (February 2025),2025-07-31,13.08,16.13,,,,,,,0.6060606060606061,,0.1307667227328409,,,0.0,,,,,,,,,,,0.22,,,1,,,,,,,,,,,assistantbench_assistantbench_browser_agent_claude37sonnet20250219_high_1748638033_UPLOAD,https://huggingface.co/datasets/agent-evals/hal_traces/resolve/main/assistantbench_assistantbench_browser_agent_claude37sonnet20250219_high_1748638033_UPLOAD.zip?download=true,,,,✓,assistantbench,assistantbench_assistantbench_browser_agent_claude37sonnet20250219_high_1748638033
assistantbench,Browser-Use (DeepSeek R1 (May 2025)),DeepSeek R1 (May 2025),2025-08-14,8.75,18.18,,,,,,,0.5151515151515151,,0.08754444208989663,,,0.0,,,,,,,,,,,0.17,,,1,,,,,,,,,,,assistantbench_assistantbench_browser_agent_deepseekr1_1755121049_UPLOAD,https://huggingface.co/datasets/agent-evals/hal_traces/resolve/main/assistantbench_assistantbench_browser_agent_deepseekr1_1755121049_UPLOAD.zip?download=true,,,,✓,assistantbench,assistantbench_assistantbench_browser_agent_deepseekr1_1755121049
assistantbench,Browser-Use (Claude Opus 4.1 (August 2025)),Claude Opus 4.1 (August 2025),2025-08-08,7.26,385.43,,,,,,,0.30303030303030304,,0.07258297258297258,,,0.030303030303030304,,,,,,,,,,,0.24,,,1,,,,,,,,,,,assistantbench_assistantbench_browser_agent_claudeopus4120250514_1754678912_UPLOAD,https://huggingface.co/datasets/agent-evals/hal_traces/resolve/main/assistantbench_assistantbench_browser_agent_claudeopus4120250514_1754678912_UPLOAD.zip?download=true,,,,✓,assistantbench,assistantbench_assistantbench_browser_agent_claudeopus4120250514_1754678912
assistantbench,Browser-Use (Gemini 2.0 Flash (February 2025)),Gemini 2.0 Flash (February 2025),2025-08-14,2.62,2.18,,,,,,,0.8787878787878788,,0.026222048139611927,,,0.0,,,,,,,,,,,0.03,,,1,,,,,,,,,,,assistantbench_assistantbench_browser_agent_gemini20flash_1755192000_UPLOAD,https://huggingface.co/datasets/agent-evals/hal_traces/resolve/main/assistantbench_assistantbench_browser_agent_gemini20flash_1755192000_UPLOAD.zip?download=true,,,,✓,assistantbench,assistantbench_assistantbench_browser_agent_gemini20flash_1755192000
assistantbench,Browser-Use (DeepSeek V3 (March 2025)),DeepSeek V3 (March 2025),2025-07-31,2.03,12.66,,,,,,,0.6363636363636364,,0.020286195286195283,,,0.0,,,,,,,,,,,0.03,,,1,,,,,,,,,,,assistantbench_assistantbench_browser_agent_deepseekaideepseekv3_1746233269_UPLOAD,https://huggingface.co/datasets/agent-evals/hal_traces/resolve/main/assistantbench_assistantbench_browser_agent_deepseekaideepseekv3_1746233269_UPLOAD.zip?download=true,,,,✓,assistantbench,assistantbench_assistantbench_browser_agent_deepseekaideepseekv3_1746233269
corebench_hard,CORE-Agent (Claude Opus 4.1 (August 2025)),Claude Opus 4.1 (August 2025),2025-08-06,51.11,412.42,,,,,,,,,,,,,,,,,,,,,,,,,,1,,,,,,,,,,,corebench_hard_coreagent_1754492675_UPLOAD,https://huggingface.co/datasets/agent-evals/hal_traces/resolve/main/corebench_hard_coreagent_1754492675_UPLOAD.zip?download=true,,,,✓,corebench_hard,corebench_hard_coreagent_1754492675
corebench_hard,CORE-Agent (Claude Opus 4.1 High (August 2025)),Claude Opus 4.1 High (August 2025),2025-08-07,42.22,509.95,,,,,,,,,,,,,,,,,,,,,,,,,,1,,,,,,,,,,,corebench_hard_coreagent_1754539779_UPLOAD,https://huggingface.co/datasets/agent-evals/hal_traces/resolve/main/corebench_hard_coreagent_1754539779_UPLOAD.zip?download=true,,,,✓,corebench_hard,corebench_hard_coreagent_1754539779
corebench_hard,HAL Generalist Agent (Claude-3.7 Sonnet High (February 2025)),Claude-3.7 Sonnet High (February 2025),2025-08-20,37.78,66.15,,,,,,,,,,,,,,,,,,,,,,,,,,1,,,,,,,,,,,corebench_hard_hal_generalist_agentsonnet_37_high_1755663010_UPLOAD,https://huggingface.co/datasets/agent-evals/hal_traces/resolve/main/corebench_hard_hal_generalist_agentsonnet_37_high_1755663010_UPLOAD.zip?download=true,,,,✓,corebench_hard,corebench_hard_hal_generalist_agentsonnet_37_high_1755663010
corebench_hard,CORE-Agent (Claude-3.7 Sonnet (February 2025)),Claude-3.7 Sonnet (February 2025),2025-04-19,35.56,73.04,,,,,,,,,,,,,,,,,,,,,,,,,,1,,,,,,,,,,,corebench_hard_coreagent_1744922181_UPLOAD,https://huggingface.co/datasets/agent-evals/hal_traces/resolve/main/corebench_hard_coreagent_1744922181_UPLOAD.zip?download=true,,,,✓,corebench_hard,corebench_hard_coreagent_1744922181
corebench_hard,HAL Generalist Agent (Claude Opus 4.1 (August 2025)),Claude Opus 4.1 (August 2025),2025-08-06,35.56,375.11,,,,,,,,,,,,,,,,,,,,,,,,,,1,,,,,,,,,,,corebench_hard_hal_generalist_agent_1754443772_UPLOAD,https://huggingface.co/datasets/agent-evals/hal_traces/resolve/main/corebench_hard_hal_generalist_agent_1754443772_UPLOAD.zip?download=true,,,,✓,corebench_hard,corebench_hard_hal_generalist_agent_1754443772
corebench_hard,HAL Generalist Agent (o4-mini High (April 2025)),o4-mini High (April 2025),2025-08-19,35.56,45.37,,,,,,,,,,,,,,,,,,,,,,,,,,1,,,,,,,,,,,corebench_hard_hal_generalist_agento4minihigh_1755580383_UPLOAD,https://huggingface.co/datasets/agent-evals/hal_traces/resolve/main/corebench_hard_hal_generalist_agento4minihigh_1755580383_UPLOAD.zip?download=true,,,,✓,corebench_hard,corebench_hard_hal_generalist_agento4minihigh_1755580383
corebench_hard,CORE-Agent (Claude Sonnet 4 High (May 2025)),Claude Sonnet 4 High (May 2025),2025-08-21,33.33,100.48,,,,,,,,,,,,,,,,,,,,,,,,,,1,,,,,,,,,,,corebench_hard_coreagentclaudesonnet4high_1755814601_UPLOAD,https://huggingface.co/datasets/agent-evals/hal_traces/resolve/main/corebench_hard_coreagentclaudesonnet4high_1755814601_UPLOAD.zip?download=true,,,,✓,corebench_hard,corebench_hard_coreagentclaudesonnet4high_1755814601
corebench_hard,CORE-Agent (GPT-4.1 (April 2025)),GPT-4.1 (April 2025),2025-04-19,33.33,107.36,,,,,,,,,,,,,,,,,,,,,,,,,,1,,,,,,,,,,,corebench_hard_coreagent_1744752123_UPLOAD,https://huggingface.co/datasets/agent-evals/hal_traces/resolve/main/corebench_hard_coreagent_1744752123_UPLOAD.zip?download=true,,,,✓,corebench_hard,corebench_hard_coreagent_1744752123
corebench_hard,HAL Generalist Agent (Claude Opus 4.1 High (August 2025)),Claude Opus 4.1 High (August 2025),2025-08-07,33.33,358.47,,,,,,,,,,,,,,,,,,,,,,,,,,1,,,,,,,,,,,corebench_hard_hal_generalist_agent_1754569694_UPLOAD,https://huggingface.co/datasets/agent-evals/hal_traces/resolve/main/corebench_hard_hal_generalist_agent_1754569694_UPLOAD.zip?download=true,,,,✓,corebench_hard,corebench_hard_hal_generalist_agent_1754569694
corebench_hard,HAL Generalist Agent (Claude-3.7 Sonnet (February 2025)),Claude-3.7 Sonnet (February 2025),2025-08-20,31.11,56.64,,,,,,,,,,,,,,,,,,,,,,,,,,1,,,,,,,,,,,corebench_hard_hal_generalist_agentsonnet_37_1755652380_UPLOAD,https://huggingface.co/datasets/agent-evals/hal_traces/resolve/main/corebench_hard_hal_generalist_agentsonnet_37_1755652380_UPLOAD.zip?download=true,,,,✓,corebench_hard,corebench_hard_hal_generalist_agentsonnet_37_1755652380
corebench_hard,CORE-Agent (Claude Sonnet 4 (May 2025)),Claude Sonnet 4 (May 2025),2025-08-21,28.89,50.27,,,,,,,,,,,,,,,,,,,,,,,,,,1,,,,,,,,,,,corebench_hard_coreagentclaudesonnet4_1755796611_UPLOAD,https://huggingface.co/datasets/agent-evals/hal_traces/resolve/main/corebench_hard_coreagentclaudesonnet4_1755796611_UPLOAD.zip?download=true,,,,✓,corebench_hard,corebench_hard_coreagentclaudesonnet4_1755796611
corebench_hard,CORE-Agent (GPT-5 Medium (August 2025)),GPT-5 Medium (August 2025),2025-08-08,26.67,31.76,,,,,,,,,,,,,,,,,,,,,,,,,,1,,,,,,,,,,,corebench_hard_coreagent_1754599494_UPLOAD,https://huggingface.co/datasets/agent-evals/hal_traces/resolve/main/corebench_hard_coreagent_1754599494_UPLOAD.zip?download=true,,,,✓,corebench_hard,corebench_hard_coreagent_1754599494
corebench_hard,CORE-Agent (o4-mini High (April 2025)),o4-mini High (April 2025),2025-04-19,26.67,61.35,,,,,,,,,,,,,,,,,,,,,,,,,,1,,,,,,,,,,,corebench_hard_coreagent_1745075792_UPLOAD,https://huggingface.co/datasets/agent-evals/hal_traces/resolve/main/corebench_hard_coreagent_1745075792_UPLOAD.zip?download=true,,,,✓,corebench_hard,corebench_hard_coreagent_1745075792
corebench_hard,CORE-Agent (Claude-3.7 Sonnet High (February 2025)),Claude-3.7 Sonnet High (February 2025),2025-04-22,24.44,72.47,,,,,,,,,,,,,,,,,,,,,,,,,,1,,,,,,,,,,,corebench_hard_coreagent_1745258007_UPLOAD,https://huggingface.co/datasets/agent-evals/hal_traces/resolve/main/corebench_hard_coreagent_1745258007_UPLOAD.zip?download=true,,,,✓,corebench_hard,corebench_hard_coreagent_1745258007
corebench_hard,CORE-Agent (o3 Medium (April 2025)),o3 Medium (April 2025),2025-04-20,24.44,120.47,,,,,,,,,,,,,,,,,,,,,,,,,,1,,,,,,,,,,,corebench_hard_coreagent_1745118876_UPLOAD,https://huggingface.co/datasets/agent-evals/hal_traces/resolve/main/corebench_hard_coreagent_1745118876_UPLOAD.zip?download=true,,,,✓,corebench_hard,corebench_hard_coreagent_1745118876
corebench_hard,CORE-Agent (Gemini 2.5 Pro Preview (March 2025)),Gemini 2.5 Pro Preview (March 2025),2025-04-19,22.22,182.34,,,,,,,,,,,,,,,,,,,,,,,,,,1,,,,,,,,,,,corebench_hard_coreagent_1744922265_UPLOAD,https://huggingface.co/datasets/agent-evals/hal_traces/resolve/main/corebench_hard_coreagent_1744922265_UPLOAD.zip?download=true,,,,✓,corebench_hard,corebench_hard_coreagent_1744922265
corebench_hard,HAL Generalist Agent (GPT-4.1 (April 2025)),GPT-4.1 (April 2025),2025-08-19,22.22,58.32,,,,,,,,,,,,,,,,,,,,,,,,,,1,,,,,,,,,,,corebench_hard_hal_generalist_agentgpt41_1755644685_UPLOAD,https://huggingface.co/datasets/agent-evals/hal_traces/resolve/main/corebench_hard_hal_generalist_agentgpt41_1755644685_UPLOAD.zip?download=true,,,,✓,corebench_hard,corebench_hard_hal_generalist_agentgpt41_1755644685
corebench_hard,HAL Generalist Agent (o3 Medium (April 2025)),o3 Medium (April 2025),2025-08-19,22.22,88.34,,,,,,,,,,,,,,,,,,,,,,,,,,1,,,,,,,,,,,corebench_hard_hal_generalist_agento3medium_1755626315_UPLOAD,https://huggingface.co/datasets/agent-evals/hal_traces/resolve/main/corebench_hard_hal_generalist_agento3medium_1755626315_UPLOAD.zip?download=true,,,,✓,corebench_hard,corebench_hard_hal_generalist_agento3medium_1755626315
corebench_hard,CORE-Agent (DeepSeek V3.1 (August 2025)),DeepSeek V3.1 (August 2025),2025-08-21,20.0,12.55,,,,,,,,,,,,,,,,,,,,,,,,,,1,,,,,,,,,,,corebench_hard_coreagentdeepseekv31_1755793007_UPLOAD,https://huggingface.co/datasets/agent-evals/hal_traces/resolve/main/corebench_hard_coreagentdeepseekv31_1755793007_UPLOAD.zip?download=true,,,,✓,corebench_hard,corebench_hard_coreagentdeepseekv31_1755793007
corebench_hard,CORE-Agent (DeepSeek V3 (March 2025)),DeepSeek V3 (March 2025),2025-04-19,17.78,25.26,,,,,,,,,,,,,,,,,,,,,,,,,,1,,,,,,,,,,,corebench_hard_coreagent_1744854746_UPLOAD,https://huggingface.co/datasets/agent-evals/hal_traces/resolve/main/corebench_hard_coreagent_1744854746_UPLOAD.zip?download=true,,,,✓,corebench_hard,corebench_hard_coreagent_1744854746
corebench_hard,CORE-Agent (o4-mini Low (April 2025)),o4-mini Low (April 2025),2025-04-19,17.78,31.79,,,,,,,,,,,,,,,,,,,,,,,,,,1,,,,,,,,,,,corebench_hard_coreagent_1745046580_UPLOAD,https://huggingface.co/datasets/agent-evals/hal_traces/resolve/main/corebench_hard_coreagent_1745046580_UPLOAD.zip?download=true,,,,✓,corebench_hard,corebench_hard_coreagent_1745046580
corebench_hard,HAL Generalist Agent (o4-mini Low (April 2025)),o4-mini Low (April 2025),2025-08-19,15.56,22.5,,,,,,,,,,,,,,,,,,,,,,,,,,1,,,,,,,,,,,corebench_hard_hal_generalist_agento4minilow_1755608756_UPLOAD,https://huggingface.co/datasets/agent-evals/hal_traces/resolve/main/corebench_hard_hal_generalist_agento4minilow_1755608756_UPLOAD.zip?download=true,,,,✓,corebench_hard,corebench_hard_hal_generalist_agento4minilow_1755608756
corebench_hard,CORE-Agent (GPT-OSS-120B (August 2025)),GPT-OSS-120B (August 2025),2025-08-06,11.11,4.21,,,,,,,,,,,,,,,,,,,,,,,,,,1,,,,,,,,,,,corebench_hard_coreagent_1754492673_UPLOAD,https://huggingface.co/datasets/agent-evals/hal_traces/resolve/main/corebench_hard_coreagent_1754492673_UPLOAD.zip?download=true,,,,✓,corebench_hard,corebench_hard_coreagent_1754492673
corebench_hard,CORE-Agent (GPT-OSS-120B High (August 2025)),GPT-OSS-120B High (August 2025),2025-08-07,11.11,4.21,,,,,,,,,,,,,,,,,,,,,,,,,,1,,,,,,,,,,,corebench_hard_coreagent_1754539776_UPLOAD,https://huggingface.co/datasets/agent-evals/hal_traces/resolve/main/corebench_hard_coreagent_1754539776_UPLOAD.zip?download=true,,,,✓,corebench_hard,corebench_hard_coreagent_1754539776
corebench_hard,CORE-Agent (Gemini 2.0 Flash (February 2025)),Gemini 2.0 Flash (February 2025),2025-04-19,11.11,12.46,,,,,,,,,,,,,,,,,,,,,,,,,,1,,,,,,,,,,,corebench_hard_coreagent_1744856042_UPLOAD,https://huggingface.co/datasets/agent-evals/hal_traces/resolve/main/corebench_hard_coreagent_1744856042_UPLOAD.zip?download=true,,,,✓,corebench_hard,corebench_hard_coreagent_1744856042
corebench_hard,HAL Generalist Agent (GPT-5 Medium (August 2025)),GPT-5 Medium (August 2025),2025-08-25,11.11,29.75,,,,,,,,,,,,,,,,,,,,,,,,,,1,,,,,,,,,,,corebench_hard_hal_generalist_agentgpt5medium_1756137340_UPLOAD,https://huggingface.co/datasets/agent-evals/hal_traces/resolve/main/corebench_hard_hal_generalist_agentgpt5medium_1756137340_UPLOAD.zip?download=true,,,,✓,corebench_hard,corebench_hard_hal_generalist_agentgpt5medium_1756137340
corebench_hard,CORE-Agent (DeepSeek R1 (January 2025)),DeepSeek R1 (January 2025),2025-04-19,8.89,24.84,,,,,,,,,,,,,,,,,,,,,,,,,,1,,,,,,,,,,,corebench_hard_coreagent_1744922373_UPLOAD,https://huggingface.co/datasets/agent-evals/hal_traces/resolve/main/corebench_hard_coreagent_1744922373_UPLOAD.zip?download=true,,,,✓,corebench_hard,corebench_hard_coreagent_1744922373
corebench_hard,HAL Generalist Agent (DeepSeek R1 (May 2025)),DeepSeek R1 (May 2025),2025-08-20,8.89,7.77,,,,,,,,,,,,,,,,,,,,,,,,,,1,,,,,,,,,,,corebench_hard_hal_generalist_agentdeepseekr10528_1755721934_UPLOAD,https://huggingface.co/datasets/agent-evals/hal_traces/resolve/main/corebench_hard_hal_generalist_agentdeepseekr10528_1755721934_UPLOAD.zip?download=true,,,,✓,corebench_hard,corebench_hard_hal_generalist_agentdeepseekr10528_1755721934
corebench_hard,HAL Generalist Agent (DeepSeek V3 (March 2025)),DeepSeek V3 (March 2025),2025-08-20,8.89,4.69,,,,,,,,,,,,,,,,,,,,,,,,,,1,,,,,,,,,,,corebench_hard_hal_generalist_agentdeepseekv30324_1755710007_UPLOAD,https://huggingface.co/datasets/agent-evals/hal_traces/resolve/main/corebench_hard_hal_generalist_agentdeepseekv30324_1755710007_UPLOAD.zip?download=true,,,,✓,corebench_hard,corebench_hard_hal_generalist_agentdeepseekv30324_1755710007
corebench_hard,HAL Generalist Agent (GPT-OSS-120B (August 2025)),GPT-OSS-120B (August 2025),2025-08-06,8.89,2.79,,,,,,,,,,,,,,,,,,,,,,,,,,1,,,,,,,,,,,corebench_hard_hal_generalist_agent_1754439280_UPLOAD,https://huggingface.co/datasets/agent-evals/hal_traces/resolve/main/corebench_hard_hal_generalist_agent_1754439280_UPLOAD.zip?download=true,,,,✓,corebench_hard,corebench_hard_hal_generalist_agent_1754439280
corebench_hard,HAL Generalist Agent (GPT-OSS-120B High (August 2025)),GPT-OSS-120B High (August 2025),2025-08-07,8.89,2.05,,,,,,,,,,,,,,,,,,,,,,,,,,1,,,,,,,,,,,corebench_hard_hal_generalist_agent_1754569684_UPLOAD,https://huggingface.co/datasets/agent-evals/hal_traces/resolve/main/corebench_hard_hal_generalist_agent_1754569684_UPLOAD.zip?download=true,,,,✓,corebench_hard,corebench_hard_hal_generalist_agent_1754569684
corebench_hard,HAL Generalist Agent (Gemini 2.0 Flash (February 2025)),Gemini 2.0 Flash (February 2025),2025-08-22,4.44,7.06,,,,,,,,,,,,,,,,,,,,,,,,,,1,,,,,,,,,,,corebench_hard_hal_generalist_agentgemini20flash_1755839828_UPLOAD,https://huggingface.co/datasets/agent-evals/hal_traces/resolve/main/corebench_hard_hal_generalist_agentgemini20flash_1755839828_UPLOAD.zip?download=true,,,,✓,corebench_hard,corebench_hard_hal_generalist_agentgemini20flash_1755839828
usaco,USACO Episodic + Semantic (GPT-5 Medium (August 2025)),GPT-5 Medium (August 2025),2025-08-25,69.71,64.13,,,,,,,,,,,,,,,,,,,,,,,,,,1,,,,,,,,,,,usaco_usaco_episodic__semantic_gpt520250807_1756136988_UPLOAD,https://huggingface.co/datasets/agent-evals/hal_traces/resolve/main/usaco_usaco_episodic__semantic_gpt520250807_1756136988_UPLOAD.zip?download=true,,,,✓,usaco,usaco_usaco_episodic__semantic_gpt520250807_1756136988
usaco,USACO Episodic + Semantic (o4-mini High (April 2025)),o4-mini High (April 2025),2025-05-05,57.98,44.04,,,,,,,,,,,,,,,,,,,,,,,,,,1,,,,,,,,,,,usaco_usaco_episodic__semantic_o4mini20250416_high_1746405235_UPLOAD,https://huggingface.co/datasets/agent-evals/hal_traces/resolve/main/usaco_usaco_episodic__semantic_o4mini20250416_high_1746405235_UPLOAD.zip?download=true,,,,✓,usaco,usaco_usaco_episodic__semantic_o4mini20250416_high_1746405235
usaco,USACO Episodic + Semantic (Claude Opus 4.1 High (August 2025)),Claude Opus 4.1 High (August 2025),2025-08-25,51.47,267.72,,,,,,,,,,,,,,,,,,,,,,,,,,1,,,,,,,,,,,usaco_usaco_episodic__semantic_claudeopus4120250514_high_1756132384_UPLOAD,https://huggingface.co/datasets/agent-evals/hal_traces/resolve/main/usaco_usaco_episodic__semantic_claudeopus4120250514_high_1756132384_UPLOAD.zip?download=true,,,,✓,usaco,usaco_usaco_episodic__semantic_claudeopus4120250514_high_1756132384
usaco,USACO Episodic + Semantic (Claude Opus 4.1 (August 2025)),Claude Opus 4.1 (August 2025),2025-08-25,48.21,276.19,,,,,,,,,,,,,,,,,,,,,,,,,,1,,,,,,,,,,,usaco_usaco_episodic__semantic_claudeopus4120250514_1756127006_UPLOAD,https://huggingface.co/datasets/agent-evals/hal_traces/resolve/main/usaco_usaco_episodic__semantic_claudeopus4120250514_1756127006_UPLOAD.zip?download=true,,,,✓,usaco,usaco_usaco_episodic__semantic_claudeopus4120250514_1756127006
usaco,USACO Episodic + Semantic (o3 Medium (April 2025)),o3 Medium (April 2025),2025-04-29,46.25,57.3,,,,,,,,,,,,,,,,,,,,,,,,,,1,,,,,,,,,,,usaco_usaco_episodic__semantic_o320250416_1745878600_UPLOAD,https://huggingface.co/datasets/agent-evals/hal_traces/resolve/main/usaco_usaco_episodic__semantic_o320250416_1745878600_UPLOAD.zip?download=true,,,,✓,usaco,usaco_usaco_episodic__semantic_o320250416_1745878600
usaco,USACO Episodic + Semantic (GPT-4.1 (April 2025)),GPT-4.1 (April 2025),2025-04-14,44.95,28.1,,,,,,,,,,,,,,,,,,,,,,,,,,1,,,,,,,,,,,usaco_usaco_episodic__semantic_gpt4120250414_1744661741_UPLOAD,https://huggingface.co/datasets/agent-evals/hal_traces/resolve/main/usaco_usaco_episodic__semantic_gpt4120250414_1744661741_UPLOAD.zip?download=true,,,,✓,usaco,usaco_usaco_episodic__semantic_gpt4120250414_1744661741
usaco,USACO Episodic + Semantic (DeepSeek V3 (March 2025)),DeepSeek V3 (March 2025),2025-04-13,39.09,12.08,,,,,,,,,,,,,,,,,,,,,,,,,,1,,,,,,,,,,,usaco_usaco_episodic__semantic_deepseekaideepseekv3_1744580934_UPLOAD,https://huggingface.co/datasets/agent-evals/hal_traces/resolve/main/usaco_usaco_episodic__semantic_deepseekaideepseekv3_1744580934_UPLOAD.zip?download=true,,,,✓,usaco,usaco_usaco_episodic__semantic_deepseekaideepseekv3_1744580934
usaco,USACO Episodic + Semantic (DeepSeek R1 (January 2025)),DeepSeek R1 (January 2025),2025-04-14,38.11,22.4,,,,,,,,,,,,,,,,,,,,,,,,,,1,,,,,,,,,,,usaco_usaco_episodic__semantic_deepseekaideepseekr1_1744597968_UPLOAD,https://huggingface.co/datasets/agent-evals/hal_traces/resolve/main/usaco_usaco_episodic__semantic_deepseekaideepseekr1_1744597968_UPLOAD.zip?download=true,,,,✓,usaco,usaco_usaco_episodic__semantic_deepseekaideepseekr1_1744597968
usaco,USACO Episodic + Semantic (o4-mini Low (April 2025)),o4-mini Low (April 2025),2025-05-04,30.94,21.14,,,,,,,,,,,,,,,,,,,,,,,,,,1,,,,,,,,,,,usaco_usaco_episodic__semantic_o4mini20250416_low_1746039070_UPLOAD,https://huggingface.co/datasets/agent-evals/hal_traces/resolve/main/usaco_usaco_episodic__semantic_o4mini20250416_low_1746039070_UPLOAD.zip?download=true,,,,✓,usaco,usaco_usaco_episodic__semantic_o4mini20250416_low_1746039070
usaco,USACO Episodic + Semantic (Claude-3.7 Sonnet (February 2025)),Claude-3.7 Sonnet (February 2025),2025-04-17,29.32,38.7,,,,,,,,,,,,,,,,,,,,,,,,,,1,,,,,,,,,,,usaco_usaco_episodic__semantic_claude37sonnet20250219_1744648510_UPLOAD,https://huggingface.co/datasets/agent-evals/hal_traces/resolve/main/usaco_usaco_episodic__semantic_claude37sonnet20250219_1744648510_UPLOAD.zip?download=true,,,,✓,usaco,usaco_usaco_episodic__semantic_claude37sonnet20250219_1744648510
usaco,USACO Episodic + Semantic (Gemini 2.0 Flash (February 2025)),Gemini 2.0 Flash (February 2025),2025-08-25,27.04,1.46,,,,,,,,,,,,,,,,,,,,,,,,,,1,,,,,,,,,,,usaco_usaco_episodic__semantic_geminigemini20flash_1756136853_UPLOAD,https://huggingface.co/datasets/agent-evals/hal_traces/resolve/main/usaco_usaco_episodic__semantic_geminigemini20flash_1756136853_UPLOAD.zip?download=true,,,,✓,usaco,usaco_usaco_episodic__semantic_geminigemini20flash_1756136853
usaco,USACO Episodic + Semantic (Claude-3.7 Sonnet High (February 2025)),Claude-3.7 Sonnet High (February 2025),2025-04-17,26.71,56.43,,,,,,,,,,,,,,,,,,,,,,,,,,1,,,,,,,,,,,usaco_usaco_episodic__semantic_claude37sonnet20250219_high_1744655395_UPLOAD,https://huggingface.co/datasets/agent-evals/hal_traces/resolve/main/usaco_usaco_episodic__semantic_claude37sonnet20250219_high_1744655395_UPLOAD.zip?download=true,,,,✓,usaco,usaco_usaco_episodic__semantic_claude37sonnet20250219_high_1744655395
usaco,HAL Generalist Agent (GPT-4.1 (April 2025)),GPT-4.1 (April 2025),2025-06-26,25.41,197.33,,,,,,,,,,,,,,,,,,,,,,,,,,1,,,,,,,,,,,usaco_hal_generalist_agent_gpt4120250414_1750887884_UPLOAD,https://huggingface.co/datasets/agent-evals/hal_traces/resolve/main/usaco_hal_generalist_agent_gpt4120250414_1750887884_UPLOAD.zip?download=true,,,,✓,usaco,usaco_hal_generalist_agent_gpt4120250414_1750887884
taubench_airline,TAU-bench Few Shot (Claude Opus 4 High (May 2025)),Claude Opus 4 High (May 2025),2025-08-01,66.0,313.83,,,,,,,,,,,,,,,,,,,,,,,,,,1,,,,,,,,,,,taubench_airline_taubench_few_shot_high_reasoning_claudeopus420250514_1754083292_UPLOAD,https://huggingface.co/datasets/agent-evals/hal_traces/resolve/main/taubench_airline_taubench_few_shot_high_reasoning_claudeopus420250514_1754083292_UPLOAD.zip?download=true,,,,✓,taubench_airline,taubench_airline_taubench_few_shot_high_reasoning_claudeopus420250514_1754083292
taubench_airline,TAU-bench Few Shot (Claude Opus 4.1 High (August 2025)),Claude Opus 4.1 High (August 2025),2025-08-05,62.0,298.58,,,,,,,,,,,,,,,,,,,,,,,,,,1,,,,,,,,,,,taubench_airline_taubench_fewshot_high_reasoning_claudeopus41_1754432663_UPLOAD,https://huggingface.co/datasets/agent-evals/hal_traces/resolve/main/taubench_airline_taubench_fewshot_high_reasoning_claudeopus41_1754432663_UPLOAD.zip?download=true,,,,✓,taubench_airline,taubench_airline_taubench_fewshot_high_reasoning_claudeopus41_1754432663
taubench_airline,TAU-bench Few Shot (Claude-3.7 Sonnet High (February 2025)),Claude-3.7 Sonnet High (February 2025),2025-04-07,60.0,37.23,,,,,,,,,,,,,,,,,,,,,,,,,,1,,,,,,,,,,,taubench_airline_1744000536_UPLOAD,https://huggingface.co/datasets/agent-evals/hal_traces/resolve/main/taubench_airline_1744000536_UPLOAD.zip?download=true,,,,✓,taubench_airline,taubench_airline_1744000536
taubench_airline,TAU-bench Few Shot (o4-mini High (April 2025)),o4-mini High (April 2025),2025-04-20,60.0,18.92,,,,,,,,,,,,,,,,,,,,,,,,,,1,,,,,,,,,,,taubench_airline_taubench_fewshot_o4mini20250416_high_1745112675_UPLOAD,https://huggingface.co/datasets/agent-evals/hal_traces/resolve/main/taubench_airline_taubench_fewshot_o4mini20250416_high_1745112675_UPLOAD.zip?download=true,,,,✓,taubench_airline,taubench_airline_taubench_fewshot_o4mini20250416_high_1745112675
taubench_airline,HAL Generalist Agent (Claude-3.7 Sonnet (February 2025)),Claude-3.7 Sonnet (February 2025),2025-04-30,56.0,42.11,,,,,,,,,,,,,,,,,,,,,,,,,,1,,,,,,,,,,,taubench_airline_hal_generalist_agent_claude37sonnet20250219_1746038671_UPLOAD,https://huggingface.co/datasets/agent-evals/hal_traces/resolve/main/taubench_airline_hal_generalist_agent_claude37sonnet20250219_1746038671_UPLOAD.zip?download=true,,,,✓,taubench_airline,taubench_airline_hal_generalist_agent_claude37sonnet20250219_1746038671
taubench_airline,TAU-bench Few Shot (Claude Opus 4 (May 2025)),Claude Opus 4 (May 2025),2025-08-01,56.0,363.3,,,,,,,,,,,,,,,,,,,,,,,,,,1,,,,,,,,,,,taubench_airline_taubench_few_shot_claudeopus420250514_1754083314_UPLOAD,https://huggingface.co/datasets/agent-evals/hal_traces/resolve/main/taubench_airline_taubench_few_shot_claudeopus420250514_1754083314_UPLOAD.zip?download=true,,,,✓,taubench_airline,taubench_airline_taubench_few_shot_claudeopus420250514_1754083314
taubench_airline,TAU-bench Few Shot (GPT-4.1 (April 2025)),GPT-4.1 (April 2025),2025-04-20,56.0,42.58,,,,,,,,,,,,,,,,,,,,,,,,,,1,,,,,,,,,,,taubench_airline_taubench_fewshot_gpt4120250414_1745112637_UPLOAD,https://huggingface.co/datasets/agent-evals/hal_traces/resolve/main/taubench_airline_taubench_fewshot_gpt4120250414_1745112637_UPLOAD.zip?download=true,,,,✓,taubench_airline,taubench_airline_taubench_fewshot_gpt4120250414_1745112637
taubench_airline,HAL Generalist Agent (Claude Opus 4.1 (August 2025)),Claude Opus 4.1 (August 2025),2025-08-05,54.0,180.49,,,,,,,,,,,,,,,,,,,,,,,,,,1,,,,,,,,,,,taubench_airline_hal_generalist_no_reasoning_claudeopus41_1754431985_UPLOAD,https://huggingface.co/datasets/agent-evals/hal_traces/resolve/main/taubench_airline_hal_generalist_no_reasoning_claudeopus41_1754431985_UPLOAD.zip?download=true,,,,✓,taubench_airline,taubench_airline_hal_generalist_no_reasoning_claudeopus41_1754431985
taubench_airline,TAU-bench Few Shot (Claude Opus 4.1 (August 2025)),Claude Opus 4.1 (August 2025),2025-08-05,54.0,294.17,,,,,,,,,,,,,,,,,,,,,,,,,,1,,,,,,,,,,,taubench_airline_taubench_fewshot_no_reasoning_claudeopus41_1754432664_UPLOAD,https://huggingface.co/datasets/agent-evals/hal_traces/resolve/main/taubench_airline_taubench_fewshot_no_reasoning_claudeopus41_1754432664_UPLOAD.zip?download=true,,,,✓,taubench_airline,taubench_airline_taubench_fewshot_no_reasoning_claudeopus41_1754432664
taubench_airline,TAU-bench Few Shot (GPT-5 Medium (August 2025)),GPT-5 Medium (August 2025),2025-08-07,52.0,35.49,,,,,,,,,,,,,,,,,,,,,,,,,,1,,,,,,,,,,,taubench_airline_taubench_fewshot_high_reasoning_gpt5_1754595988_UPLOAD,https://huggingface.co/datasets/agent-evals/hal_traces/resolve/main/taubench_airline_taubench_fewshot_high_reasoning_gpt5_1754595988_UPLOAD.zip?download=true,,,,✓,taubench_airline,taubench_airline_taubench_fewshot_high_reasoning_gpt5_1754595988
taubench_airline,TAU-bench Few Shot (o3 Medium (April 2025)),o3 Medium (April 2025),2025-07-29,48.0,34.14,,,,,,-2.00/+2.00,,,,,,,,,,,,,,,,,,,,2,,,,,,,,,-1.14/+1.14,,taubench_airline_taubench_fewshot_o320250416_medium_1753770065_UPLOAD,https://huggingface.co/datasets/agent-evals/hal_traces/resolve/main/taubench_airline_taubench_fewshot_o320250416_medium_1753770065_UPLOAD.zip?download=true,,,,✓,taubench_airline,taubench_airline_taubench_fewshot_o320250416_medium_1753770065
taubench_airline,TAU-bench Few Shot (o4-mini Low (April 2025)),o4-mini Low (April 2025),2025-04-19,48.0,18.81,,,,,,,,,,,,,,,,,,,,,,,,,,1,,,,,,,,,,,taubench_airline_taubench_fewshot_o4mini20250416_low_1745099803_UPLOAD,https://huggingface.co/datasets/agent-evals/hal_traces/resolve/main/taubench_airline_taubench_fewshot_o4mini20250416_low_1745099803_UPLOAD.zip?download=true,,,,✓,taubench_airline,taubench_airline_taubench_fewshot_o4mini20250416_low_1745099803
taubench_airline,HAL Generalist Agent (Claude Opus 4 (May 2025)),Claude Opus 4 (May 2025),2025-08-04,44.0,150.15,,,,,,,,,,,,,,,,,,,,,,,,,,1,,,,,,,,,,,taubench_airline_hal_generalist_claudeopus420250514_1754320139_UPLOAD,https://huggingface.co/datasets/agent-evals/hal_traces/resolve/main/taubench_airline_hal_generalist_claudeopus420250514_1754320139_UPLOAD.zip?download=true,,,,✓,taubench_airline,taubench_airline_hal_generalist_claudeopus420250514_1754320139
taubench_airline,HAL Generalist Agent (Claude Opus 4 High (May 2025)),Claude Opus 4 High (May 2025),2025-08-04,44.0,150.29,,,,,,,,,,,,,,,,,,,,,,,,,,1,,,,,,,,,,,taubench_airline_hal_generalist_high_reasoning_claudeopus420250514_1754320160_UPLOAD,https://huggingface.co/datasets/agent-evals/hal_traces/resolve/main/taubench_airline_hal_generalist_high_reasoning_claudeopus420250514_1754320160_UPLOAD.zip?download=true,,,,✓,taubench_airline,taubench_airline_hal_generalist_high_reasoning_claudeopus420250514_1754320160
taubench_airline,HAL Generalist Agent (Claude-3.7 Sonnet High (February 2025)),Claude-3.7 Sonnet High (February 2025),2025-05-01,44.0,34.58,,,,,,,,,,,,,,,,,,,,,,,,,,1,,,,,,,,,,,taubench_airline_hal_generalist_agent_claude37sonnet20250219_high_1746060636_UPLOAD,https://huggingface.co/datasets/agent-evals/hal_traces/resolve/main/taubench_airline_hal_generalist_agent_claude37sonnet20250219_high_1746060636_UPLOAD.zip?download=true,,,,✓,taubench_airline,taubench_airline_hal_generalist_agent_claude37sonnet20250219_high_1746060636
taubench_airline,TAU-bench Few Shot (Gemini 2.0 Flash (February 2025)),Gemini 2.0 Flash (February 2025),2025-06-25,44.0,4.44,,,,,,,,,,,,,,,,,,,,,,,,,,1,,,,,,,,,,,taubench_airline_taubench_fewshot_gemini20flash_1750877603_UPLOAD,https://huggingface.co/datasets/agent-evals/hal_traces/resolve/main/taubench_airline_taubench_fewshot_gemini20flash_1750877603_UPLOAD.zip?download=true,,,,✓,taubench_airline,taubench_airline_taubench_fewshot_gemini20flash_1750877603
taubench_airline,TAU-bench Few Shot (o3 Medium (April 2025)),o3 Medium (April 2025),2025-04-15,44.0,34.14,,,,,,-2.00/+2.00,,,,,,,,,,,,,,,,,,,,2,,,,,,,,,-1.14/+1.14,,taubench_airline_taubench_fewshot_o320250403_1744728447_UPLOAD,,,,,✓,taubench_airline,taubench_airline_taubench_fewshot_o320250403_1744728447
taubench_airline,TAU-bench Few Shot (DeepSeek R1 (January 2025)),DeepSeek R1 (January 2025),2025-04-19,36.0,9.16,,,,,,,,,,,,,,,,,,,,,,,,,,1,,,,,,,,,,,taubench_airline_taubench_fewshot_deepseekaideepseekr1_1745101169_UPLOAD,https://huggingface.co/datasets/agent-evals/hal_traces/resolve/main/taubench_airline_taubench_fewshot_deepseekaideepseekr1_1745101169_UPLOAD.zip?download=true,,,,✓,taubench_airline,taubench_airline_taubench_fewshot_deepseekaideepseekr1_1745101169
taubench_airline,TAU-bench Few Shot (Claude-3.7 Sonnet (February 2025)),Claude-3.7 Sonnet (February 2025),2025-04-07,34.0,36.45,,,,,,,,,,,,,,,,,,,,,,,,,,1,,,,,,,,,,,taubench_airline_1743994890_UPLOAD,https://huggingface.co/datasets/agent-evals/hal_traces/resolve/main/taubench_airline_1743994890_UPLOAD.zip?download=true,,,,✓,taubench_airline,taubench_airline_1743994890
taubench_airline,TAU-bench Few Shot (DeepSeek V3 (March 2025)),DeepSeek V3 (March 2025),2025-04-19,34.0,30.6,,,,,,,,,,,,,,,,,,,,,,,,,,1,,,,,,,,,,,taubench_airline_taubench_fewshot_deepseekaideepseekv3_1745101128_UPLOAD,https://huggingface.co/datasets/agent-evals/hal_traces/resolve/main/taubench_airline_taubench_fewshot_deepseekaideepseekv3_1745101128_UPLOAD.zip?download=true,,,,✓,taubench_airline,taubench_airline_taubench_fewshot_deepseekaideepseekv3_1745101128
taubench_airline,HAL Generalist Agent (Claude Opus 4.1 High (August 2025)),Claude Opus 4.1 High (August 2025),2025-08-05,32.0,140.28,,,,,,,,,,,,,,,,,,,,,,,,,,1,,,,,,,,,,,taubench_airline_hal_generalist_high_reasoning_claudeopus41_1754432004_UPLOAD,https://huggingface.co/datasets/agent-evals/hal_traces/resolve/main/taubench_airline_hal_generalist_high_reasoning_claudeopus41_1754432004_UPLOAD.zip?download=true,,,,✓,taubench_airline,taubench_airline_hal_generalist_high_reasoning_claudeopus41_1754432004
taubench_airline,HAL Generalist Agent (GPT-5 Medium (August 2025)),GPT-5 Medium (August 2025),2025-08-07,30.0,52.78,,,,,,,,,,,,,,,,,,,,,,,,,,1,,,,,,,,,,,taubench_airline_hal_generalist_high_reasoning___gpt5_1754597451_UPLOAD,https://huggingface.co/datasets/agent-evals/hal_traces/resolve/main/taubench_airline_hal_generalist_high_reasoning___gpt5_1754597451_UPLOAD.zip?download=true,,,,✓,taubench_airline,taubench_airline_hal_generalist_high_reasoning___gpt5_1754597451
taubench_airline,HAL Generalist Agent (Gemini 2.0 Flash (February 2025)),Gemini 2.0 Flash (February 2025),2025-04-30,22.0,2.0,,,,,,,,,,,,,,,,,,,,,,,,,,1,,,,,,,,,,,taubench_airline_hal_generalist_agent_gemini20flash_1746038655_UPLOAD,https://huggingface.co/datasets/agent-evals/hal_traces/resolve/main/taubench_airline_hal_generalist_agent_gemini20flash_1746038655_UPLOAD.zip?download=true,,,,✓,taubench_airline,taubench_airline_hal_generalist_agent_gemini20flash_1746038655
taubench_airline,HAL Generalist Agent (o4-mini Low (April 2025)),o4-mini Low (April 2025),2025-04-20,22.0,20.16,,,,,,,,,,,,,,,,,,,,,,,,,,1,,,,,,,,,,,taubench_airline_hal_generalist_agent_o4mini20250416_low_1745166691_UPLOAD,https://huggingface.co/datasets/agent-evals/hal_traces/resolve/main/taubench_airline_hal_generalist_agent_o4mini20250416_low_1745166691_UPLOAD.zip?download=true,,,,✓,taubench_airline,taubench_airline_hal_generalist_agent_o4mini20250416_low_1745166691
taubench_airline,HAL Generalist Agent (o3 Medium (April 2025)),o3 Medium (April 2025),2025-07-29,20.0,45.03,,,,,,,,,,,,,,,,,,,,,,,,,,1,,,,,,,,,,,taubench_airline_hal_generalist_agent_o320250416_medium_1753774187_UPLOAD,https://huggingface.co/datasets/agent-evals/hal_traces/resolve/main/taubench_airline_hal_generalist_agent_o320250416_medium_1753774187_UPLOAD.zip?download=true,,,,✓,taubench_airline,taubench_airline_hal_generalist_agent_o320250416_medium_1753774187
taubench_airline,HAL Generalist Agent (DeepSeek V3 (March 2025)),DeepSeek V3 (March 2025),2025-04-21,18.0,10.73,,,,,,,,,,,,,,,,,,,,,,,,,,1,,,,,,,,,,,taubench_airline_hal_generalist_agent_deepseekaideepseekv3_1745263676_UPLOAD,https://huggingface.co/datasets/agent-evals/hal_traces/resolve/main/taubench_airline_hal_generalist_agent_deepseekaideepseekv3_1745263676_UPLOAD.zip?download=true,,,,✓,taubench_airline,taubench_airline_hal_generalist_agent_deepseekaideepseekv3_1745263676
taubench_airline,HAL Generalist Agent (o4-mini High (April 2025)),o4-mini High (April 2025),2025-04-20,18.0,20.57,,,,,,,,,,,,,,,,,,,,,,,,,,1,,,,,,,,,,,taubench_airline_hal_generalist_agent_o4mini20250416_high_1745167079_UPLOAD,https://huggingface.co/datasets/agent-evals/hal_traces/resolve/main/taubench_airline_hal_generalist_agent_o4mini20250416_high_1745167079_UPLOAD.zip?download=true,,,,✓,taubench_airline,taubench_airline_hal_generalist_agent_o4mini20250416_high_1745167079
taubench_airline,HAL Generalist Agent (GPT-4.1 (April 2025)),GPT-4.1 (April 2025),2025-04-20,16.0,17.85,,,,,,,,,,,,,,,,,,,,,,,,,,1,,,,,,,,,,,taubench_airline_hal_generalist_agent_gpt4120250414_1745167124_UPLOAD,https://huggingface.co/datasets/agent-evals/hal_traces/resolve/main/taubench_airline_hal_generalist_agent_gpt4120250414_1745167124_UPLOAD.zip?download=true,,,,✓,taubench_airline,taubench_airline_hal_generalist_agent_gpt4120250414_1745167124
taubench_airline,HAL Generalist Agent (DeepSeek R1 (January 2025)),DeepSeek R1 (January 2025),2025-04-14,10.0,6.68,,,,,,,,,,,,,,,,,,,,,,,,,,1,,,,,,,,,,,taubench_airline_hal_generalist_agent_deepseekaideepseekr1_1744655092_UPLOAD,https://huggingface.co/datasets/agent-evals/hal_traces/resolve/main/taubench_airline_hal_generalist_agent_deepseekaideepseekr1_1744655092_UPLOAD.zip?download=true,,,,✓,taubench_airline,taubench_airline_hal_generalist_agent_deepseekaideepseekr1_1744655092
scienceagentbench,SAB Self-Debug (o3 Medium (April 2025)),o3 Medium (April 2025),2025-04-21,33.33,11.69,,,,,,,,,,,0.8284017139790105,,,,,,,,,,,,,,,1,,,,0.3333333333333333,,,,,,,scienceagentbench_sab_selfdebug_o3_medium_1745186112_UPLOAD,https://huggingface.co/datasets/agent-evals/hal_traces/resolve/main/scienceagentbench_sab_selfdebug_o3_medium_1745186112_UPLOAD.zip?download=true,,0.9019607843137255,,✓,scienceagentbench,scienceagentbench_sab_selfdebug_o3_medium_1745186112
scienceagentbench,SAB Self-Debug (Claude-3.7 Sonnet High (February 2025)),Claude-3.7 Sonnet High (February 2025),2025-04-17,30.39,11.74,,,,,,,,,,,0.8342207448155272,,,,,,,,,,,,,,,1,,,,0.30392156862745096,,,,,,,scienceagentbench_sab_selfdebug_claude37_high_1744847608_UPLOAD,https://huggingface.co/datasets/agent-evals/hal_traces/resolve/main/scienceagentbench_sab_selfdebug_claude37_high_1744847608_UPLOAD.zip?download=true,,0.9215686274509803,,✓,scienceagentbench,scienceagentbench_sab_selfdebug_claude37_high_1744847608
scienceagentbench,SAB Self-Debug (GPT-5 Medium (August 2025)),GPT-5 Medium (August 2025),2025-08-16,30.39,18.26,,,,,,,,,,,0.8158374282659269,,,,,,,,,,,,,,,1,,,,0.30392156862745096,,,,,,,scienceagentbench_sab_selfdebug_gpt5medium_1755353093_UPLOAD,https://huggingface.co/datasets/agent-evals/hal_traces/resolve/main/scienceagentbench_sab_selfdebug_gpt5medium_1755353093_UPLOAD.zip?download=true,,0.8627450980392157,,✓,scienceagentbench,scienceagentbench_sab_selfdebug_gpt5medium_1755353093
scienceagentbench,SAB Self-Debug (Claude Opus 4.1 (August 2025)),Claude Opus 4.1 (August 2025),2025-08-17,27.45,33.37,,,,,,,,,,,0.803167720635732,,,,,,,,,,,,,,,1,,,,0.27450980392156865,,,,,,,scienceagentbench_sab_selfdebug_claudeopus41_1755385889_UPLOAD,https://huggingface.co/datasets/agent-evals/hal_traces/resolve/main/scienceagentbench_sab_selfdebug_claudeopus41_1755385889_UPLOAD.zip?download=true,,0.8627450980392157,,✓,scienceagentbench,scienceagentbench_sab_selfdebug_claudeopus41_1755385889
scienceagentbench,SAB Self-Debug (o4-mini High (April 2025)),o4-mini High (April 2025),2025-04-21,27.45,11.18,,,,,,,,,,,0.8312917351722717,,,,,,,,,,,,,,,1,,,,0.27450980392156865,,,,,,,scienceagentbench_sab_selfdebug_o4mini_high_1745253602_UPLOAD,https://huggingface.co/datasets/agent-evals/hal_traces/resolve/main/scienceagentbench_sab_selfdebug_o4mini_high_1745253602_UPLOAD.zip?download=true,,0.9117647058823529,,✓,scienceagentbench,scienceagentbench_sab_selfdebug_o4mini_high_1745253602
scienceagentbench,SAB Self-Debug (o4-mini Low (April 2025)),o4-mini Low (April 2025),2025-04-21,27.45,3.95,,,,,,,,,,,0.8322734745109782,,,,,,,,,,,,,,,1,,,,0.27450980392156865,,,,,,,scienceagentbench_sab_selfdebug_o4mini_low_1745199029_UPLOAD,https://huggingface.co/datasets/agent-evals/hal_traces/resolve/main/scienceagentbench_sab_selfdebug_o4mini_low_1745199029_UPLOAD.zip?download=true,,0.8235294117647058,,✓,scienceagentbench,scienceagentbench_sab_selfdebug_o4mini_low_1745199029
scienceagentbench,SAB Self-Debug (Claude Opus 4.1 High (August 2025)),Claude Opus 4.1 High (August 2025),2025-08-17,26.47,33.75,,,,,,,,,,,0.8394068976243337,,,,,,,,,,,,,,,1,,,,0.2647058823529412,,,,,,,scienceagentbench_sab_selfdebug_claudeopus41high_1755438590_UPLOAD,https://huggingface.co/datasets/agent-evals/hal_traces/resolve/main/scienceagentbench_sab_selfdebug_claudeopus41high_1755438590_UPLOAD.zip?download=true,,0.9607843137254902,,✓,scienceagentbench,scienceagentbench_sab_selfdebug_claudeopus41high_1755438590
scienceagentbench,SAB Self-Debug (GPT-4.1 (April 2025)),GPT-4.1 (April 2025),2025-04-18,24.51,7.42,,,,,,,,,,,0.8356673361039629,,,,,,,,,,,,,,,1,,,,0.24509803921568626,,,,,,,scienceagentbench_sab_selfdebug_gpt_41_1744993235_UPLOAD,https://huggingface.co/datasets/agent-evals/hal_traces/resolve/main/scienceagentbench_sab_selfdebug_gpt_41_1744993235_UPLOAD.zip?download=true,,0.8627450980392157,,✓,scienceagentbench,scienceagentbench_sab_selfdebug_gpt_41_1744993235
scienceagentbench,SAB Self-Debug (DeepSeek R1 (January 2025)),DeepSeek R1 (January 2025),2025-04-16,23.53,5.13,,,,,,,,,,,0.8455859773299274,,,,,,,,,,,,,,,1,,,,0.23529411764705882,,,,,,,scienceagentbench_sab_selfdebug_dsr1_1744769491_UPLOAD,https://huggingface.co/datasets/agent-evals/hal_traces/resolve/main/scienceagentbench_sab_selfdebug_dsr1_1744769491_UPLOAD.zip?download=true,,0.7745098039215687,,✓,scienceagentbench,scienceagentbench_sab_selfdebug_dsr1_1744769491
scienceagentbench,SAB Self-Debug (Claude-3.7 Sonnet (February 2025)),Claude-3.7 Sonnet (February 2025),2025-04-16,22.55,7.12,,,,,,,,,,,0.8075346181205675,,,,,,,,,,,,,,,1,,,,0.22549019607843138,,,,,,,scienceagentbench_sab_selfdebug_claude37_1744812715_UPLOAD,https://huggingface.co/datasets/agent-evals/hal_traces/resolve/main/scienceagentbench_sab_selfdebug_claude37_1744812715_UPLOAD.zip?download=true,,0.8725490196078431,,✓,scienceagentbench,scienceagentbench_sab_selfdebug_claude37_1744812715
scienceagentbench,HAL Generalist Agent (o4-mini High (April 2025)),o4-mini High (April 2025),2025-05-01,21.57,76.3,,,,,,,,,,,0.8012522815489301,,,,,,,,,,,,,,,1,,,,0.21568627450980393,,,,,,,scienceagentbench_hal_generalist_agent_o4mini20250416_high_1746044352_UPLOAD,https://huggingface.co/datasets/agent-evals/hal_traces/resolve/main/scienceagentbench_hal_generalist_agent_o4mini20250416_high_1746044352_UPLOAD.zip?download=true,,0.5098039215686274,,✓,scienceagentbench,scienceagentbench_hal_generalist_agent_o4mini20250416_high_1746044352
scienceagentbench,HAL Generalist Agent (o4-mini Low (April 2025)),o4-mini Low (April 2025),2025-05-01,19.61,77.32,,,,,,,,,,,0.8120465185128006,,,,,,,,,,,,,,,1,,,,0.19607843137254902,,,,,,,scienceagentbench_hal_generalist_agent_o4mini20250416_low_1746044336_UPLOAD,https://huggingface.co/datasets/agent-evals/hal_traces/resolve/main/scienceagentbench_hal_generalist_agent_o4mini20250416_low_1746044336_UPLOAD.zip?download=true,,0.46078431372549017,,✓,scienceagentbench,scienceagentbench_hal_generalist_agent_o4mini20250416_low_1746044336
scienceagentbench,HAL Generalist Agent (Claude-3.7 Sonnet High (February 2025)),Claude-3.7 Sonnet High (February 2025),2025-05-08,17.65,48.28,,,,,,,,,,,0.757567387877726,,,,,,,,,,,,,,,1,,,,0.17647058823529413,,,,,,,scienceagentbench_hal_generalist_agent_claude37sonnet20250219_high_1746405109_UPLOAD,https://huggingface.co/datasets/agent-evals/hal_traces/resolve/main/scienceagentbench_hal_generalist_agent_claude37sonnet20250219_high_1746405109_UPLOAD.zip?download=true,,0.5294117647058824,,✓,scienceagentbench,scienceagentbench_hal_generalist_agent_claude37sonnet20250219_high_1746405109
scienceagentbench,SAB Self-Debug (DeepSeek V3 (March 2025)),DeepSeek V3 (March 2025),2025-04-16,15.69,2.09,,,,,,,,,,,0.792360271601116,,,,,,,,,,,,,,,1,,,,0.1568627450980392,,,,,,,scienceagentbench_sab_selfdebug_dsv3_1744757465_UPLOAD,https://huggingface.co/datasets/agent-evals/hal_traces/resolve/main/scienceagentbench_sab_selfdebug_dsv3_1744757465_UPLOAD.zip?download=true,,0.7745098039215687,,✓,scienceagentbench,scienceagentbench_sab_selfdebug_dsv3_1744757465
scienceagentbench,SAB Self-Debug (Gemini 2.0 Flash (February 2025)),Gemini 2.0 Flash (February 2025),2025-04-17,12.75,0.19,,,,,,,,,,,0.7791895331705317,,,,,,,,,,,,,,,1,,,,0.12745098039215685,,,,,,,scienceagentbench_sab_selfdebug_gemini20flash_1744901453_UPLOAD,https://huggingface.co/datasets/agent-evals/hal_traces/resolve/main/scienceagentbench_sab_selfdebug_gemini20flash_1744901453_UPLOAD.zip?download=true,,0.6078431372549019,,✓,scienceagentbench,scienceagentbench_sab_selfdebug_gemini20flash_1744901453
scienceagentbench,HAL Generalist Agent (Claude-3.7 Sonnet (February 2025)),Claude-3.7 Sonnet (February 2025),2025-05-04,10.78,41.22,,,,,,,,,,,0.7174384535527697,,,,,,,,,,,,,,,1,,,,0.10784313725490197,,,,,,,scienceagentbench_hal_generalist_agent_claude37sonnet20250219_1746110849_UPLOAD,https://huggingface.co/datasets/agent-evals/hal_traces/resolve/main/scienceagentbench_hal_generalist_agent_claude37sonnet20250219_1746110849_UPLOAD.zip?download=true,,0.49019607843137253,,✓,scienceagentbench,scienceagentbench_hal_generalist_agent_claude37sonnet20250219_1746110849
scienceagentbench,HAL Generalist Agent (o3 Medium (April 2025)),o3 Medium (April 2025),2025-05-04,9.8,31.08,,,,,,,,,,,0.7660725829648036,,,,,,,,,,,,,,,1,,,,0.09803921568627451,,,,,,,scienceagentbench_hal_generalist_agent_o320250416_1746110877_UPLOAD,https://huggingface.co/datasets/agent-evals/hal_traces/resolve/main/scienceagentbench_hal_generalist_agent_o320250416_1746110877_UPLOAD.zip?download=true,,0.4411764705882353,,✓,scienceagentbench,scienceagentbench_hal_generalist_agent_o320250416_1746110877
scienceagentbench,HAL Generalist Agent (GPT-4.1 (April 2025)),GPT-4.1 (April 2025),2025-04-30,6.86,68.95,,,,,,,,,,,0.5468592895012275,,,,,,,,,,,,,,,1,,,,0.06862745098039216,,,,,,,scienceagentbench_hal_generalist_agent_gpt4120250414_1745541259_UPLOAD,https://huggingface.co/datasets/agent-evals/hal_traces/resolve/main/scienceagentbench_hal_generalist_agent_gpt4120250414_1745541259_UPLOAD.zip?download=true,,0.27450980392156865,,✓,scienceagentbench,scienceagentbench_hal_generalist_agent_gpt4120250414_1745541259
scienceagentbench,HAL Generalist Agent (DeepSeek V3 (March 2025)),DeepSeek V3 (March 2025),2025-05-01,0.98,55.73,,,,,,,,,,,0.4155124019758374,,,,,,,,,,,,,,,1,,,,0.00980392156862745,,,,,,,scienceagentbench_hal_generalist_agent_deepseekaideepseekv3_1746052235_UPLOAD,https://huggingface.co/datasets/agent-evals/hal_traces/resolve/main/scienceagentbench_hal_generalist_agent_deepseekaideepseekv3_1746052235_UPLOAD.zip?download=true,,0.10784313725490197,,✓,scienceagentbench,scienceagentbench_hal_generalist_agent_deepseekaideepseekv3_1746052235
online_mind2web,SeeAct (GPT-5 Medium (August 2025)),GPT-5 Medium (August 2025),2025-08-13,42.33,171.07,,,0.6987951807228916,0.21621621621621623,0.3706293706293706,,,,,,,,,,,,,,,,,,,,,1,,,,,,83.0,74.0,143.0,,300.0,seeact_gpt-5_reasoning_effort_medium_UPLOAD,https://huggingface.co/datasets/agent-evals/hal_traces/resolve/main/seeact_gpt-5_reasoning_effort_medium_UPLOAD.zip?download=true,,,,✓,online_mind2web,seeact_gpt-5_reasoning_effort_medium
online_mind2web,Browser-Use (Claude Sonnet 4 (May 2025)),Claude Sonnet 4 (May 2025),2025-08-10,40.0,1577.26,,,0.7228915662650602,0.14864864864864866,0.34265734265734266,,,,,,,,,,,,,,,,,,,,,1,,,,,,83.0,74.0,143.0,,300.0,browser-use_claude-sonnet-4-20250514_UPLOAD,https://huggingface.co/datasets/agent-evals/hal_traces/resolve/main/browser-use_claude-sonnet-4-20250514_UPLOAD.zip?download=true,,,,✓,online_mind2web,browser-use_claude-sonnet-4-20250514
online_mind2web,Browser-Use (Claude Sonnet 4 High (May 2025)),Claude Sonnet 4 High (May 2025),2025-08-10,39.33,1609.92,,,0.6746987951807228,0.20270270270270271,0.32867132867132864,,,,,,,,,,,,,,,,,,,,,1,,,,,,83.0,74.0,143.0,,300.0,browser-use_claude-sonnet-4-20250514_thinking_high_4096_UPLOAD,https://huggingface.co/datasets/agent-evals/hal_traces/resolve/main/browser-use_claude-sonnet-4-20250514_thinking_high_4096_UPLOAD.zip?download=true,,,,✓,online_mind2web,browser-use_claude-sonnet-4-20250514_thinking_high_4096
online_mind2web,Browser-Use (Claude-3.7 Sonnet High (February 2025)),Claude-3.7 Sonnet High (February 2025),2025-07-10,39.33,1151.88,,,0.6385542168674698,0.14864864864864866,0.3776223776223776,,,,,,,,,,,,,,,,,,,,,1,,,,,,83.0,74.0,143.0,,300.0,browser-use_claude-3-7-sonnet-20250219_thinking_high_4096_UPLOAD,https://huggingface.co/datasets/agent-evals/hal_traces/resolve/main/browser-use_claude-3-7-sonnet-20250219_thinking_high_4096_UPLOAD.zip?download=true,,,,✓,online_mind2web,browser-use_claude-3-7-sonnet-20250219_thinking_high_4096
online_mind2web,SeeAct (o3 Medium (April 2025)),o3 Medium (April 2025),2025-05-18,39.0,258.74,,,0.5783132530120482,0.24324324324324326,0.35664335664335667,,,,,,,,,,,,,,,,,,,,,1,,,,,,83.0,74.0,143.0,,300.0,seeact_o3-2025-04-16_UPLOAD,https://huggingface.co/datasets/agent-evals/hal_traces/resolve/main/seeact_o3-2025-04-16_UPLOAD.zip?download=true,,,,✓,online_mind2web,seeact_o3-2025-04-16
online_mind2web,Browser-Use (Claude-3.7 Sonnet (February 2025)),Claude-3.7 Sonnet (February 2025),2025-05-05,38.33,926.48,,,0.6385542168674698,0.1891891891891892,0.3356643356643357,,,,,,,,,,,,,,,,,,,,,1,,,,,,83.0,74.0,143.0,,300.0,browser-use_claude-3-7-sonnet-20250219_UPLOAD,https://huggingface.co/datasets/agent-evals/hal_traces/resolve/main/browser-use_claude-3-7-sonnet-20250219_UPLOAD.zip?download=true,,,,✓,online_mind2web,browser-use_claude-3-7-sonnet-20250219
online_mind2web,SeeAct (Claude Sonnet 4 (May 2025)),Claude Sonnet 4 (May 2025),2025-08-10,36.67,246.18,,,0.6385542168674698,0.20270270270270271,0.2937062937062937,,,,,,,,,,,,,,,,,,,,,1,,,,,,83.0,74.0,143.0,,300.0,seeact_claude-sonnet-4-20250514_UPLOAD,https://huggingface.co/datasets/agent-evals/hal_traces/resolve/main/seeact_claude-sonnet-4-20250514_UPLOAD.zip?download=true,,,,✓,online_mind2web,seeact_claude-sonnet-4-20250514
online_mind2web,SeeAct (Claude Sonnet 4 High (May 2025)),Claude Sonnet 4 High (May 2025),2025-08-14,36.67,326.41,,,0.6024096385542169,0.16216216216216217,0.3356643356643357,,,,,,,,,,,,,,,,,,,,,1,,,,,,83.0,74.0,143.0,,300.0,seeact_claude-sonnet-4-20250514_thinking_high_4096_UPLOAD,https://huggingface.co/datasets/agent-evals/hal_traces/resolve/main/seeact_claude-sonnet-4-20250514_thinking_high_4096_UPLOAD.zip?download=true,,,,✓,online_mind2web,seeact_claude-sonnet-4-20250514_thinking_high_4096
online_mind2web,Browser-Use (GPT-4.1 (April 2025)),GPT-4.1 (April 2025),2025-05-02,36.33,236.62,,,0.5783132530120482,0.0945945945945946,0.3776223776223776,,,,,,,,,,,,,,,,,,,,,1,,,,,,83.0,74.0,143.0,,300.0,browser-use_gpt-4.1-2025-04-14_UPLOAD,https://huggingface.co/datasets/agent-evals/hal_traces/resolve/main/browser-use_gpt-4.1-2025-04-14_UPLOAD.zip?download=true,,,,✓,online_mind2web,browser-use_gpt-4.1-2025-04-14
online_mind2web,Browser-Use (DeepSeek V3 (March 2025)),DeepSeek V3 (March 2025),2025-05-09,32.33,214.74,,,0.6265060240963856,0.08108108108108109,0.2727272727272727,,,,,,,,,,,,,,,,,,,,,1,,,,,,83.0,74.0,143.0,,300.0,browser-use_DeepSeek-V3_UPLOAD,https://huggingface.co/datasets/agent-evals/hal_traces/resolve/main/browser-use_DeepSeek-V3_UPLOAD.zip?download=true,,,,✓,online_mind2web,browser-use_DeepSeek-V3
online_mind2web,Browser-Use (GPT-5 Medium (August 2025)),GPT-5 Medium (August 2025),2025-08-14,32.0,736.31,,,0.5060240963855421,0.1891891891891892,0.27972027972027974,,,,,,,,,,,,,,,,,,,,,1,,,,,,83.0,74.0,143.0,,300.0,browser-use_gpt-5_reasoning_effort_medium_UPLOAD,https://huggingface.co/datasets/agent-evals/hal_traces/resolve/main/browser-use_gpt-5_reasoning_effort_medium_UPLOAD.zip?download=true,,,,✓,online_mind2web,browser-use_gpt-5_reasoning_effort_medium
online_mind2web,SeeAct (o4-mini High (April 2025)),o4-mini High (April 2025),2025-05-04,32.0,228.98,,,0.5060240963855421,0.20270270270270271,0.2727272727272727,,,,,,,,,,,,,,,,,,,,,1,,,,,,83.0,74.0,143.0,,300.0,seeact_o4-mini_reasoning_effort_high_UPLOAD,https://huggingface.co/datasets/agent-evals/hal_traces/resolve/main/seeact_o4-mini_reasoning_effort_high_UPLOAD.zip?download=true,,,,✓,online_mind2web,seeact_o4-mini_reasoning_effort_high
online_mind2web,SeeAct (o4-mini Low (April 2025)),o4-mini Low (April 2025),2025-05-10,31.67,162.36,,,0.5421686746987951,0.1891891891891892,0.2517482517482518,,,,,,,,,,,,,,,,,,,,,1,,,,,,83.0,74.0,143.0,,300.0,seeact_o4-mini_reasoning_effort_low_UPLOAD,https://huggingface.co/datasets/agent-evals/hal_traces/resolve/main/seeact_o4-mini_reasoning_effort_low_UPLOAD.zip?download=true,,,,✓,online_mind2web,seeact_o4-mini_reasoning_effort_low
online_mind2web,SeeAct (Claude-3.7 Sonnet High (February 2025)),Claude-3.7 Sonnet High (February 2025),2025-05-25,30.33,367.51,,,0.5662650602409639,0.16216216216216217,0.22377622377622378,,,,,,,,,,,,,,,,,,,,,1,,,,,,83.0,74.0,143.0,,300.0,seeact_claude-3-7-sonnet-20250219_thinking_high_4096_UPLOAD,https://huggingface.co/datasets/agent-evals/hal_traces/resolve/main/seeact_claude-3-7-sonnet-20250219_thinking_high_4096_UPLOAD.zip?download=true,,,,✓,online_mind2web,seeact_claude-3-7-sonnet-20250219_thinking_high_4096
online_mind2web,SeeAct (GPT-4.1 (April 2025)),GPT-4.1 (April 2025),2025-05-05,30.33,271.24,,,0.5180722891566265,0.08108108108108109,0.2937062937062937,,,,,,,,,,,,,,,,,,,,,1,,,,,,83.0,74.0,143.0,,300.0,seeact_gpt-4.1-2025-04-14_UPLOAD,https://huggingface.co/datasets/agent-evals/hal_traces/resolve/main/seeact_gpt-4.1-2025-04-14_UPLOAD.zip?download=true,,,,✓,online_mind2web,seeact_gpt-4.1-2025-04-14
online_mind2web,Browser-Use (Gemini 2.0 Flash (February 2025)),Gemini 2.0 Flash (February 2025),2025-08-10,29.0,8.83,,,0.5903614457831325,0.08108108108108109,0.22377622377622378,,,,,,,,,,,,,,,,,,,,,1,,,,,,83.0,74.0,143.0,,300.0,browser-use_gemini-2.0-flash_UPLOAD,https://huggingface.co/datasets/agent-evals/hal_traces/resolve/main/browser-use_gemini-2.0-flash_UPLOAD.zip?download=true,,,,✓,online_mind2web,browser-use_gemini-2.0-flash
online_mind2web,Browser-Use (o3 Medium (April 2025)),o3 Medium (April 2025),2025-05-17,29.0,371.59,,,0.4819277108433735,0.16216216216216217,0.24475524475524477,,,,,,,,,,,,,,,,,,,,,1,,,,,,83.0,74.0,143.0,,300.0,browser-use_o3-2025-04-16_UPLOAD,https://huggingface.co/datasets/agent-evals/hal_traces/resolve/main/browser-use_o3-2025-04-16_UPLOAD.zip?download=true,,,,✓,online_mind2web,browser-use_o3-2025-04-16
online_mind2web,SeeAct (Claude-3.7 Sonnet (February 2025)),Claude-3.7 Sonnet (February 2025),2025-05-09,28.33,291.97,,,0.46987951807228917,0.16216216216216217,0.23776223776223776,,,,,,,,,,,,,,,,,,,,,1,,,,,,83.0,74.0,143.0,,300.0,seeact_claude-3-7-sonnet-20250219_UPLOAD,https://huggingface.co/datasets/agent-evals/hal_traces/resolve/main/seeact_claude-3-7-sonnet-20250219_UPLOAD.zip?download=true,,,,✓,online_mind2web,seeact_claude-3-7-sonnet-20250219
online_mind2web,SeeAct (Gemini 2.0 Flash (February 2025)),Gemini 2.0 Flash (February 2025),2025-07-11,26.67,5.03,,,0.5180722891566265,0.05405405405405406,0.23076923076923078,,,,,,,,,,,,,,,,,,,,,1,,,,,,83.0,74.0,143.0,,300.0,seeact_gemini-2.0-flash_UPLOAD,https://huggingface.co/datasets/agent-evals/hal_traces/resolve/main/seeact_gemini-2.0-flash_UPLOAD.zip?download=true,,,,✓,online_mind2web,seeact_gemini-2.0-flash
online_mind2web,Browser-Use (DeepSeek R1 (January 2025)),DeepSeek R1 (January 2025),2025-05-11,25.33,58.39,,,0.5060240963855421,0.08108108108108109,0.1958041958041958,,,,,,,,,,,,,,,,,,,,,1,,,,,,83.0,74.0,143.0,,300.0,browser-use_DeepSeek-R1_UPLOAD,https://huggingface.co/datasets/agent-evals/hal_traces/resolve/main/browser-use_DeepSeek-R1_UPLOAD.zip?download=true,,,,✓,online_mind2web,browser-use_DeepSeek-R1
online_mind2web,Browser-Use (o4-mini High (April 2025)),o4-mini High (April 2025),2025-05-02,20.0,297.93,,,0.3855421686746988,0.05405405405405406,0.16783216783216784,,,,,,,,,,,,,,,,,,,,,1,,,,,,83.0,74.0,143.0,,300.0,browser-use_o4-mini_reasoning_effort_high_UPLOAD,https://huggingface.co/datasets/agent-evals/hal_traces/resolve/main/browser-use_o4-mini_reasoning_effort_high_UPLOAD.zip?download=true,,,,✓,online_mind2web,browser-use_o4-mini_reasoning_effort_high
online_mind2web,Browser-Use (o4-mini Low (April 2025)),o4-mini Low (April 2025),2025-05-08,18.33,201.44,,,0.2891566265060241,0.04054054054054054,0.1958041958041958,,,,,,,,,,,,,,,,,,,,,1,,,,,,83.0,74.0,143.0,,300.0,browser-use_o4-mini_reasoning_effort_low_UPLOAD,https://huggingface.co/datasets/agent-evals/hal_traces/resolve/main/browser-use_o4-mini_reasoning_effort_low_UPLOAD.zip?download=true,,,,✓,online_mind2web,browser-use_o4-mini_reasoning_effort_low
gaia,HAL Generalist Agent (Claude Opus 4 High (May 2025)),Claude Opus 4 High (May 2025),2025-08-05,64.85,665.89,,,,,,,,,,,,,,,,,,71.7,67.44,42.31,,,,,,1,,,,,,,,,,,gaia_hal_generalist_agent_claudeopus420250514_1754374886_UPLOAD,https://huggingface.co/datasets/agent-evals/hal_traces/resolve/main/gaia_hal_generalist_agent_claudeopus420250514_1754374886_UPLOAD.zip?download=true,,,,✓,gaia,gaia_hal_generalist_agent_claudeopus420250514_1754374886
gaia,HAL Generalist Agent (Claude-3.7 Sonnet High (February 2025)),Claude-3.7 Sonnet High (February 2025),2025-04-25,64.24,122.49,,,,,,,,,,,,,,,,,,67.92,63.95,57.69,,,,,,1,,,,,,,,,,,gaia_hal_generalist_agent_claude37sonnet20250219_high_1744730242_UPLOAD,https://huggingface.co/datasets/agent-evals/hal_traces/resolve/main/gaia_hal_generalist_agent_claude37sonnet20250219_high_1744730242_UPLOAD.zip?download=true,,,,✓,gaia,gaia_hal_generalist_agent_claude37sonnet20250219_high_1744730242
gaia,HF Open Deep Research (GPT-5 Medium (August 2025)),GPT-5 Medium (August 2025),2025-08-09,62.8,359.83,,,,,,,,,,,,,,,,,,73.58,62.79,38.46,,,,,,1,,,,,,,,,,,gaia_hf_open_deep_research_gpt520250807_1754605128_UPLOAD,https://huggingface.co/datasets/agent-evals/hal_traces/resolve/main/gaia_hf_open_deep_research_gpt520250807_1754605128_UPLOAD.zip?download=true,,,,✓,gaia,gaia_hf_open_deep_research_gpt520250807_1754605128
gaia,HAL Generalist Agent (o4-mini Low (April 2025)),o4-mini Low (April 2025),2025-04-23,58.18,73.26,,,,,,,,,,,,,,,,,,71.7,51.16,53.85,,,,,,1,,,,,,,,,,,gaia_hal_generalist_agent_o4mini20250416_low_1745167262_UPLOAD,https://huggingface.co/datasets/agent-evals/hal_traces/resolve/main/gaia_hal_generalist_agent_o4mini20250416_low_1745167262_UPLOAD.zip?download=true,,,,✓,gaia,gaia_hal_generalist_agent_o4mini20250416_low_1745167262
gaia,HF Open Deep Research (Claude Opus 4 (May 2025)),Claude Opus 4 (May 2025),2025-08-07,57.58,1686.07,,,,,,,,,,,,,,,,,,66.04,56.98,42.31,,,,,,1,,,,,,,,,,,gaia_hf_open_deep_research_claudeopus4_1754425534_UPLOAD,https://huggingface.co/datasets/agent-evals/hal_traces/resolve/main/gaia_hf_open_deep_research_claudeopus4_1754425534_UPLOAD.zip?download=true,,,,✓,gaia,gaia_hf_open_deep_research_claudeopus4_1754425534
gaia,HAL Generalist Agent (Claude-3.7 Sonnet (February 2025)),Claude-3.7 Sonnet (February 2025),2025-04-24,56.36,130.68,,,,,,,,,,,,,,,,,,62.26,55.81,46.15,,,,,,1,,,,,,,,,,,gaia_hal_generalist_agent_claude37sonnet20250219_1744772193_UPLOAD,https://huggingface.co/datasets/agent-evals/hal_traces/resolve/main/gaia_hal_generalist_agent_claude37sonnet20250219_1744772193_UPLOAD.zip?download=true,,,,✓,gaia,gaia_hal_generalist_agent_claude37sonnet20250219_1744772193
gaia,HF Open Deep Research (o4-mini High (April 2025)),o4-mini High (April 2025),2025-04-18,55.76,184.87,,,,,,,,,,,,,,,,,,69.81,51.16,42.31,,,,,,1,,,,,,,,,,,gaia_hf_open_deep_research_o4mini20250416_high_1744923206_UPLOAD,https://huggingface.co/datasets/agent-evals/hal_traces/resolve/main/gaia_hf_open_deep_research_o4mini20250416_high_1744923206_UPLOAD.zip?download=true,,,,✓,gaia,gaia_hf_open_deep_research_o4mini20250416_high_1744923206
gaia,HAL Generalist Agent (o4-mini High (April 2025)),o4-mini High (April 2025),2025-04-20,54.55,59.39,,,,,,,,,,,,,,,,,,60.38,53.49,46.15,,,,,,1,,,,,,,,,,,gaia_hal_generalist_agent_o4mini20250416_high_1745167285_UPLOAD,https://huggingface.co/datasets/agent-evals/hal_traces/resolve/main/gaia_hal_generalist_agent_o4mini20250416_high_1745167285_UPLOAD.zip?download=true,,,,✓,gaia,gaia_hal_generalist_agent_o4mini20250416_high_1745167285
gaia,HF Open Deep Research (GPT-4.1 (April 2025)),GPT-4.1 (April 2025),2025-04-17,50.3,109.88,,,,,,,,,,,,,,,,,,58.49,50.0,34.62,,,,,,1,,,,,,,,,,,gaia_hf_open_deep_research_gpt4120250414_1744843595_UPLOAD,https://huggingface.co/datasets/agent-evals/hal_traces/resolve/main/gaia_hf_open_deep_research_gpt4120250414_1744843595_UPLOAD.zip?download=true,,,,✓,gaia,gaia_hf_open_deep_research_gpt4120250414_1744843595
gaia,HAL Generalist Agent (GPT-4.1 (April 2025)),GPT-4.1 (April 2025),2025-04-14,49.7,74.19,,,,,,,,,,,,,,,,,,52.83,55.81,23.08,,,,,,1,,,,,,,,,,,gaia_hal_generalist_agent_gpt4120250414_1744652581_UPLOAD,https://huggingface.co/datasets/agent-evals/hal_traces/resolve/main/gaia_hal_generalist_agent_gpt4120250414_1744652581_UPLOAD.zip?download=true,,,,✓,gaia,gaia_hal_generalist_agent_gpt4120250414_1744652581
gaia,HF Open Deep Research (o4-mini Low (April 2025)),o4-mini Low (April 2025),2025-04-17,47.88,80.8,,,,,,,,,,,,,,,,,,58.49,47.67,26.92,,,,,,1,,,,,,,,,,,gaia_hf_open_deep_research_o4mini20250416_low_1744921254_UPLOAD,https://huggingface.co/datasets/agent-evals/hal_traces/resolve/main/gaia_hf_open_deep_research_o4mini20250416_low_1744921254_UPLOAD.zip?download=true,,,,✓,gaia,gaia_hf_open_deep_research_o4mini20250416_low_1744921254
gaia,HF Open Deep Research (Claude-3.7 Sonnet (February 2025)),Claude-3.7 Sonnet (February 2025),2025-04-19,36.97,415.15,,,,,,,,,,,,,,,,,,39.62,39.53,23.08,,,,,,1,,,,,,,,,,,gaia_hf_open_deep_research_claude37sonnet20250219_1745000974_UPLOAD,https://huggingface.co/datasets/agent-evals/hal_traces/resolve/main/gaia_hf_open_deep_research_claude37sonnet20250219_1745000974_UPLOAD.zip?download=true,,,,✓,gaia,gaia_hf_open_deep_research_claude37sonnet20250219_1745000974
gaia,HAL Generalist Agent (DeepSeek V3 (March 2025)),DeepSeek V3 (March 2025),2025-04-15,36.36,29.27,,,,,,,,,,,,,,,,,,50.94,38.37,0.0,,,,,,1,,,,,,,,,,,gaia_hal_generalist_agent_deepseekaideepseekv3_1744673872_UPLOAD,https://huggingface.co/datasets/agent-evals/hal_traces/resolve/main/gaia_hal_generalist_agent_deepseekaideepseekv3_1744673872_UPLOAD.zip?download=true,,,,✓,gaia,gaia_hal_generalist_agent_deepseekaideepseekv3_1744673872
gaia,HF Open Deep Research (Claude-3.7 Sonnet High (February 2025)),Claude-3.7 Sonnet High (February 2025),2025-04-25,35.76,113.65,,,,,,,,,,,,,,,,,,45.28,33.72,23.08,,,,,,1,,,,,,,,,,,gaia_hf_open_deep_research_claude37sonnet20250219_high_1745539901_UPLOAD,https://huggingface.co/datasets/agent-evals/hal_traces/resolve/main/gaia_hf_open_deep_research_claude37sonnet20250219_high_1745539901_UPLOAD.zip?download=true,,,,✓,gaia,gaia_hf_open_deep_research_claude37sonnet20250219_high_1745539901
gaia,HAL Generalist Agent (Gemini 2.0 Flash (February 2025)),Gemini 2.0 Flash (February 2025),2025-04-16,32.73,7.8,,,,,,,,,,,,,,,,,,43.4,32.56,11.54,,,,,,1,,,,,,,,,,,gaia_hal_generalist_agent_gemini20flash_1744828175_UPLOAD,https://huggingface.co/datasets/agent-evals/hal_traces/resolve/main/gaia_hal_generalist_agent_gemini20flash_1744828175_UPLOAD.zip?download=true,,,,✓,gaia,gaia_hal_generalist_agent_gemini20flash_1744828175
gaia,HF Open Deep Research (o3 Medium (April 2025)),o3 Medium (April 2025),2025-04-29,32.73,136.39,,,,,,,,,,,,,,,,,,39.62,31.4,23.08,,,,,,1,,,,,,,,,,,gaia_hf_open_deep_research_o320250416_1745876880_UPLOAD,https://huggingface.co/datasets/agent-evals/hal_traces/resolve/main/gaia_hf_open_deep_research_o320250416_1745876880_UPLOAD.zip?download=true,,,,✓,gaia,gaia_hf_open_deep_research_o320250416_1745876880
gaia,HAL Generalist Agent (Claude Opus 4 (May 2025)),Claude Opus 4 (May 2025),2025-08-05,30.3,272.76,,,,,,,,,,,,,,,,,,33.96,27.91,30.77,,,,,,1,,,,,,,,,,,gaia_hal_generalist_agent_claudeopus420250514_1754344946_UPLOAD,https://huggingface.co/datasets/agent-evals/hal_traces/resolve/main/gaia_hal_generalist_agent_claudeopus420250514_1754344946_UPLOAD.zip?download=true,,,,✓,gaia,gaia_hal_generalist_agent_claudeopus420250514_1754344946
gaia,HAL Generalist Agent (DeepSeek R1 (January 2025)),DeepSeek R1 (January 2025),2025-04-15,30.3,14.92,,,,,,,,,,,,,,,,,,43.4,27.91,11.54,,,,,,1,,,,,,,,,,,gaia_hal_generalist_agent_deepseekaideepseekr1_1744683894_UPLOAD,https://huggingface.co/datasets/agent-evals/hal_traces/resolve/main/gaia_hal_generalist_agent_deepseekaideepseekr1_1744683894_UPLOAD.zip?download=true,,,,✓,gaia,gaia_hal_generalist_agent_deepseekaideepseekr1_1744683894
gaia,HF Open Deep Research (Claude Opus 4.1 (August 2025)),Claude Opus 4.1 (August 2025),2025-08-13,28.48,1306.85,,,,,,,,,,,,,,,,,,41.51,24.42,15.38,,,,,,1,,,,,,,,,,,gaia_hf_open_deep_research_claudeopus41_1755030930_UPLOAD,https://huggingface.co/datasets/agent-evals/hal_traces/resolve/main/gaia_hf_open_deep_research_claudeopus41_1755030930_UPLOAD.zip?download=true,,,,✓,gaia,gaia_hf_open_deep_research_claudeopus41_1755030930
gaia,HF Open Deep Research (DeepSeek V3 (March 2025)),DeepSeek V3 (March 2025),2025-04-17,28.48,76.64,,,,,,,,,,,,,,,,,,35.85,30.23,7.69,,,,,,1,,,,,,,,,,,gaia_hf_open_deep_research_deepseekaideepseekv3_1744851680_UPLOAD,https://huggingface.co/datasets/agent-evals/hal_traces/resolve/main/gaia_hf_open_deep_research_deepseekaideepseekv3_1744851680_UPLOAD.zip?download=true,,,,✓,gaia,gaia_hf_open_deep_research_deepseekaideepseekv3_1744851680
gaia,HF Open Deep Research (Claude Opus 4.1 High (August 2025)),Claude Opus 4.1 High (August 2025),2025-08-14,25.45,1473.64,,,,,,,,,,,,,,,,,,35.85,23.26,11.54,,,,,,1,,,,,,,,,,,gaia_hf_open_deep_research_claudeopus41_high_1755092997_UPLOAD,https://huggingface.co/datasets/agent-evals/hal_traces/resolve/main/gaia_hf_open_deep_research_claudeopus41_high_1755092997_UPLOAD.zip?download=true,,,,✓,gaia,gaia_hf_open_deep_research_claudeopus41_high_1755092997
gaia,HF Open Deep Research (DeepSeek R1 (January 2025)),DeepSeek R1 (January 2025),2025-04-17,24.85,30.47,,,,,,,,,,,,,,,,,,30.19,24.42,15.38,,,,,,1,,,,,,,,,,,gaia_hf_open_deep_research_deepseekaideepseekr1_1744851690_UPLOAD,https://huggingface.co/datasets/agent-evals/hal_traces/resolve/main/gaia_hf_open_deep_research_deepseekaideepseekr1_1744851690_UPLOAD.zip?download=true,,,,✓,gaia,gaia_hf_open_deep_research_deepseekaideepseekr1_1744851690
gaia,HF Open Deep Research (Gemini 2.0 Flash (February 2025)),Gemini 2.0 Flash (February 2025),2025-04-17,19.39,18.82,,,,,,,,,,,,,,,,,,24.53,19.77,7.69,,,,,,1,,,,,,,,,,,gaia_hf_open_deep_research_gemini20flash_1744843220_UPLOAD,https://huggingface.co/datasets/agent-evals/hal_traces/resolve/main/gaia_hf_open_deep_research_gemini20flash_1744843220_UPLOAD.zip?download=true,,,,✓,gaia,gaia_hf_open_deep_research_gemini20flash_1744843220
scicode,Scicode Tool Calling Agent (o3 Medium (April 2025)),o3 Medium (April 2025),2025-04-21,9.23,111.11,,,,,,,,,,,,,,,,,,,,,,,,,,1,,,0.3024054982817869,,,,,,,,scicode_scicode_tool_calling_agent_o320250416_1745276105_UPLOAD,https://huggingface.co/datasets/agent-evals/hal_traces/resolve/main/scicode_scicode_tool_calling_agent_o320250416_1745276105_UPLOAD.zip?download=true,,,,✓,scicode,scicode_scicode_tool_calling_agent_o320250416_1745276105
scicode,Scicode Zero Shot Agent (o4-mini Low (April 2025)),o4-mini Low (April 2025),2025-04-21,9.23,1.74,,,,,,,,,,,,,,,,,,,,,,,,,,1,,,0.3642611683848797,,,,,,,,scicode_scicode_zero_shot_agent_o4mini20250416_low_1745290900_UPLOAD,https://huggingface.co/datasets/agent-evals/hal_traces/resolve/main/scicode_scicode_zero_shot_agent_o4mini20250416_low_1745290900_UPLOAD.zip?download=true,,,,✓,scicode,scicode_scicode_zero_shot_agent_o4mini20250416_low_1745290900
scicode,Scicode Tool Calling Agent (Claude Opus 4.1 (August 2025)),Claude Opus 4.1 (August 2025),2025-08-21,7.69,625.13,,,,,,,,,,,,,,,,,,,,,,,,,,1,,,0.27491408934707906,,,,,,,,scicode_scicode_tool_calling_agent_claudeopus41_1755801688_UPLOAD,https://huggingface.co/datasets/agent-evals/hal_traces/resolve/main/scicode_scicode_tool_calling_agent_claudeopus41_1755801688_UPLOAD.zip?download=true,,,,✓,scicode,scicode_scicode_tool_calling_agent_claudeopus41_1755801688
scicode,Scicode Tool Calling Agent (Claude Opus 4.1 High (August 2025)),Claude Opus 4.1 High (August 2025),2025-08-08,7.69,550.54,,,,,,-0.77/+0.77,,,,,,,,,,,,,,,,,,,,2,,,0.32989690721649484,,,,,,-42.81/+42.81,,scicode_scicode-tool_calling_agent_claudeopus4120250514_1754678715_UPLOAD,https://huggingface.co/datasets/agent-evals/hal_traces/resolve/main/scicode_scicode-tool_calling_agent_claudeopus4120250514_1754678715_UPLOAD.zip?download=true,,,,✓,scicode,scicode_scicode_tool_calling_agent_claudeopus4120250514_1754678715
scicode,Scicode Tool Calling Agent (Claude Opus 4.1 High (August 2025)),Claude Opus 4.1 High (August 2025),2025-08-13,6.15,550.54,,,,,,-0.77/+0.77,,,,,,,,,,,,,,,,,,,,2,,,0.2542955326460481,,,,,,-42.81/+42.81,,scicode_scicode_tool_calling_agent_claudeopus41_high_1755107101_UPLOAD,,,,,✓,scicode,scicode_scicode_tool_calling_agent_claudeopus41_high_1755107101
scicode,Scicode Tool Calling Agent (GPT-5 Medium (August 2025)),GPT-5 Medium (August 2025),2025-08-08,6.15,193.52,,,,,,,,,,,,,,,,,,,,,,,,,,1,,,0.3127147766323024,,,,,,,,scicode_scicode_tool_calling_agent_gpt5_1754600998_UPLOAD,https://huggingface.co/datasets/agent-evals/hal_traces/resolve/main/scicode_scicode_tool_calling_agent_gpt5_1754600998_UPLOAD.zip?download=true,,,,✓,scicode,scicode_scicode_tool_calling_agent_gpt5_1754600998
scicode,Scicode Zero Shot Agent (GPT-4.1 (April 2025)),GPT-4.1 (April 2025),2025-04-21,6.15,2.82,,,,,,,,,,,,,,,,,,,,,,,,,,1,,,0.3024054982817869,,,,,,,,scicode_scicode_zero_shot_agent_gpt4120250414_1745265933_UPLOAD,https://huggingface.co/datasets/agent-evals/hal_traces/resolve/main/scicode_scicode_zero_shot_agent_gpt4120250414_1745265933_UPLOAD.zip?download=true,,,,✓,scicode,scicode_scicode_zero_shot_agent_gpt4120250414_1745265933
scicode,Scicode Zero Shot Agent (o4-mini High (April 2025)),o4-mini High (April 2025),2025-04-23,6.15,5.37,,,,,,,,,,,,,,,,,,,,,,,,,,1,,,0.33676975945017185,,,,,,,,scicode_scicode_zero_shot_agent_o4mini20250416_high_1745429794_UPLOAD,https://huggingface.co/datasets/agent-evals/hal_traces/resolve/main/scicode_scicode_zero_shot_agent_o4mini20250416_high_1745429794_UPLOAD.zip?download=true,,,,✓,scicode,scicode_scicode_zero_shot_agent_o4mini20250416_high_1745429794
scicode,Scicode Tool Calling Agent (Claude-3.7 Sonnet High (February 2025)),Claude-3.7 Sonnet High (February 2025),2025-07-29,4.62,204.37,,,,,,,,,,,,,,,,,,,,,,,,,,1,,,0.281786941580756,,,,,,,,scicode_scicode_tool_calling_agent_claude37sonnet20250219_high_1753770104_UPLOAD,https://huggingface.co/datasets/agent-evals/hal_traces/resolve/main/scicode_scicode_tool_calling_agent_claude37sonnet20250219_high_1753770104_UPLOAD.zip?download=true,,,,✓,scicode,scicode_scicode_tool_calling_agent_claude37sonnet20250219_high_1753770104
scicode,Scicode Tool Calling Agent (o4-mini High (April 2025)),o4-mini High (April 2025),2025-04-23,4.62,66.2,,,,,,,,,,,,,,,,,,,,,,,,,,1,,,0.22336769759450173,,,,,,,,scicode_scicode_tool_calling_agent_o4mini20250416_high_1745414081_UPLOAD,https://huggingface.co/datasets/agent-evals/hal_traces/resolve/main/scicode_scicode_tool_calling_agent_o4mini20250416_high_1745414081_UPLOAD.zip?download=true,,,,✓,scicode,scicode_scicode_tool_calling_agent_o4mini20250416_high_1745414081
scicode,Scicode Tool Calling Agent (o4-mini Low (April 2025)),o4-mini Low (April 2025),2025-04-22,4.62,46.3,,,,,,,,,,,,,,,,,,,,,,,,,,1,,,0.2646048109965636,,,,,,,,scicode_scicode_tool_calling_agent_o4mini20250416_low_1745286980_UPLOAD,https://huggingface.co/datasets/agent-evals/hal_traces/resolve/main/scicode_scicode_tool_calling_agent_o4mini20250416_low_1745286980_UPLOAD.zip?download=true,,,,✓,scicode,scicode_scicode_tool_calling_agent_o4mini20250416_low_1745286980
scicode,Scicode Zero Shot Agent (o3 Medium (April 2025)),o3 Medium (April 2025),2025-04-21,4.62,6.03,,,,,,,,,,,,,,,,,,,,,,,,,,1,,,0.3436426116838488,,,,,,,,scicode_scicode_zero_shot_agent_o320250416_1745284451_UPLOAD,https://huggingface.co/datasets/agent-evals/hal_traces/resolve/main/scicode_scicode_zero_shot_agent_o320250416_1745284451_UPLOAD.zip?download=true,,,,✓,scicode,scicode_scicode_zero_shot_agent_o320250416_1745284451
scicode,Scicode Tool Calling Agent (Claude-3.7 Sonnet (February 2025)),Claude-3.7 Sonnet (February 2025),2025-04-22,3.08,191.41,,,,,,,,,,,,,,,,,,,,,,,,,,1,,,0.27835051546391754,,,,,,,,scicode_scicode_tool_calling_agent_claude37sonnet20250219_1745294865_UPLOAD,https://huggingface.co/datasets/agent-evals/hal_traces/resolve/main/scicode_scicode_tool_calling_agent_claude37sonnet20250219_1745294865_UPLOAD.zip?download=true,,,,✓,scicode,scicode_scicode_tool_calling_agent_claude37sonnet20250219_1745294865
scicode,Scicode Zero Shot Agent (Claude-3.7 Sonnet High (February 2025)),Claude-3.7 Sonnet High (February 2025),2025-07-29,3.08,4.99,,,,,,,,,,,,,,,,,,,,,,,,,,1,,,0.23711340206185566,,,,,,,,scicode_scicode_zero_shot_agent_claude37sonnet20250219_high_1748945506_UPLOAD,https://huggingface.co/datasets/agent-evals/hal_traces/resolve/main/scicode_scicode_zero_shot_agent_claude37sonnet20250219_high_1748945506_UPLOAD.zip?download=true,,,,✓,scicode,scicode_scicode_zero_shot_agent_claude37sonnet20250219_high_1748945506
scicode,Scicode Zero Shot Agent (DeepSeek V3 (March 2025)),DeepSeek V3 (March 2025),2025-04-23,3.08,0.79,,,,,,,,,,,,,,,,,,,,,,,,,,1,,,0.281786941580756,,,,,,,,scicode_scicode_zero_shot_agent_deepseekaideepseekv3_1745456160_UPLOAD,https://huggingface.co/datasets/agent-evals/hal_traces/resolve/main/scicode_scicode_zero_shot_agent_deepseekaideepseekv3_1745456160_UPLOAD.zip?download=true,,,,✓,scicode,scicode_scicode_zero_shot_agent_deepseekaideepseekv3_1745456160
scicode,Scicode Tool Calling Agent (GPT-4.1 (April 2025)),GPT-4.1 (April 2025),2025-04-21,1.54,69.39,,,,,,,,,,,,,,,,,,,,,,,,,,1,,,0.14776632302405499,,,,,,,,scicode_scicode_tool_calling_agent_gpt4120250414_1745260672_UPLOAD,https://huggingface.co/datasets/agent-evals/hal_traces/resolve/main/scicode_scicode_tool_calling_agent_gpt4120250414_1745260672_UPLOAD.zip?download=true,,,,✓,scicode,scicode_scicode_tool_calling_agent_gpt4120250414_1745260672
scicode,Scicode Tool Calling Agent (Gemini 2.0 Flash (February 2025)),Gemini 2.0 Flash (February 2025),2025-04-22,1.54,5.23,,,,,,,,,,,,,,,,,,,,,,,,,,1,,,0.15807560137457044,,,,,,,,scicode_scicode_tool_calling_agent_gemini20flash_1745324545_UPLOAD,https://huggingface.co/datasets/agent-evals/hal_traces/resolve/main/scicode_scicode_tool_calling_agent_gemini20flash_1745324545_UPLOAD.zip?download=true,,,,✓,scicode,scicode_scicode_tool_calling_agent_gemini20flash_1745324545
scicode,Scicode Zero Shot Agent (Gemini 2.0 Flash (February 2025)),Gemini 2.0 Flash (February 2025),2025-04-23,1.54,0.12,,,,,,,,,,,,,,,,,,,,,,,,,,1,,,0.23024054982817868,,,,,,,,scicode_scicode_zero_shot_agent_gemini20flash_1745437512_UPLOAD,https://huggingface.co/datasets/agent-evals/hal_traces/resolve/main/scicode_scicode_zero_shot_agent_gemini20flash_1745437512_UPLOAD.zip?download=true,,,,✓,scicode,scicode_scicode_zero_shot_agent_gemini20flash_1745437512
scicode,Scicode Tool Calling Agent (DeepSeek R1 (May 2025)),DeepSeek R1 (May 2025),2025-07-29,0.0,57.62,,,,,,,,,,,,,,,,,,,,,,,,,,1,,,0.003436426116838488,,,,,,,,scicode_scicode_tool_calling_agent_deepseekaideepseekr1_1753819405_UPLOAD,https://huggingface.co/datasets/agent-evals/hal_traces/resolve/main/scicode_scicode_tool_calling_agent_deepseekaideepseekr1_1753819405_UPLOAD.zip?download=true,,,,✓,scicode,scicode_scicode_tool_calling_agent_deepseekaideepseekr1_1753819405
scicode,Scicode Tool Calling Agent (DeepSeek V3 (March 2025)),DeepSeek V3 (March 2025),2025-04-23,0.0,52.11,,,,,,,,,,,,,,,,,,,,,,,,,,1,,,0.003436426116838488,,,,,,,,scicode_scicode_tool_calling_agent_deepseekaiDeepSeekV3_1745349011_UPLOAD,https://huggingface.co/datasets/agent-evals/hal_traces/resolve/main/scicode_scicode_tool_calling_agent_deepseekaiDeepSeekV3_1745349011_UPLOAD.zip?download=true,,,,✓,scicode,scicode_scicode_tool_calling_agent_deepseekaiDeepSeekV3_1745349011
scicode,Scicode Zero Shot Agent (Claude-3.7 Sonnet (February 2025)),Claude-3.7 Sonnet (February 2025),2025-04-22,0.0,5.1,,,,,,,,,,,,,,,,,,,,,,,,,,1,,,0.21305841924398625,,,,,,,,scicode_scicode_zero_shot_agent_claude37sonnet20250219_1745345545_UPLOAD,https://huggingface.co/datasets/agent-evals/hal_traces/resolve/main/scicode_scicode_zero_shot_agent_claude37sonnet20250219_1745345545_UPLOAD.zip?download=true,,,,✓,scicode,scicode_scicode_zero_shot_agent_claude37sonnet20250219_1745345545
scicode,Scicode Zero Shot Agent (DeepSeek R1 (May 2025)),DeepSeek R1 (May 2025),2025-07-29,0.0,2.19,,,,,,,,,,,,,,,,,,,,,,,,,,1,,,0.003436426116838488,,,,,,,,scicode_scicode_zero_shot_agent_deepseekaideepseekr1_1753815994_UPLOAD,https://huggingface.co/datasets/agent-evals/hal_traces/resolve/main/scicode_scicode_zero_shot_agent_deepseekaideepseekr1_1753815994_UPLOAD.zip?download=true,,,,✓,scicode,scicode_scicode_zero_shot_agent_deepseekaideepseekr1_1753815994
